source,target,length_km,speed_kph,name
n0000,n0001,0.6642,60,1st Avenue
n0000,n0100,0.6672,60,A Boulevard
n0000,n0005,3.3212,100,Ring Motorway
n0000,n0400,2.6687,100,Ring Motorway
n0001,n0000,0.6642,60,1st Avenue
n0001,n0002,0.6642,60,1st Avenue
n0001,n0101,0.6672,35,B Lane
n0002,n0001,0.6642,60,1st Avenue
n0002,n0003,0.6642,60,1st Avenue
n0002,n0102,0.6672,35,C Lane
n0003,n0002,0.6642,60,1st Avenue
n0003,n0004,0.6642,60,1st Avenue
n0003,n0103,0.6672,35,D Lane
n0004,n0003,0.6642,60,1st Avenue
n0004,n0005,0.6642,60,1st Avenue
n0004,n0104,0.6672,35,E Lane
n0005,n0004,0.6642,60,1st Avenue
n0005,n0006,0.6642,60,1st Avenue
n0005,n0105,0.6672,60,F Boulevard
n0005,n0000,3.3212,100,Ring Motorway
n0005,n0010,3.3212,100,Ring Motorway
n0006,n0005,0.6642,60,1st Avenue
n0006,n0007,0.6642,60,1st Avenue
n0006,n0106,0.6672,35,G Lane
n0007,n0006,0.6642,60,1st Avenue
n0007,n0008,0.6642,60,1st Avenue
n0007,n0107,0.6672,35,H Lane
n0008,n0007,0.6642,60,1st Avenue
n0008,n0009,0.6642,60,1st Avenue
n0008,n0108,0.6672,35,I Lane
n0009,n0008,0.6642,60,1st Avenue
n0009,n0010,0.6642,60,1st Avenue
n0010,n0009,0.6642,60,1st Avenue
n0010,n0011,0.6642,60,1st Avenue
n0010,n0110,0.6672,60,K Boulevard
n0010,n0005,3.3212,100,Ring Motorway
n0010,n0015,3.3212,100,Ring Motorway
n0011,n0010,0.6642,60,1st Avenue
n0011,n0012,0.6642,60,1st Avenue
n0011,n0111,0.6672,35,L Lane
n0012,n0011,0.6642,60,1st Avenue
n0012,n0013,0.6642,60,1st Avenue
n0012,n0112,0.6672,35,M Lane
n0013,n0012,0.6642,60,1st Avenue
n0013,n0014,0.6642,60,1st Avenue
n0013,n0113,0.6672,35,N Lane
n0014,n0013,0.6642,60,1st Avenue
n0014,n0015,0.6642,60,1st Avenue
n0014,n0114,0.6672,35,O Lane
n0015,n0014,0.6642,60,1st Avenue
n0015,n0016,0.6642,60,1st Avenue
n0015,n0115,0.6672,60,P Boulevard
n0015,n0010,3.3212,100,Ring Motorway
n0015,n0020,3.3212,100,Ring Motorway
n0016,n0015,0.6642,60,1st Avenue
n0016,n0017,0.6642,60,1st Avenue
n0016,n0116,0.6672,35,Q Lane
n0017,n0016,0.6642,60,1st Avenue
n0017,n0018,0.6642,60,1st Avenue
n0017,n0117,0.6672,35,R Lane
n0018,n0017,0.6642,60,1st Avenue
n0018,n0019,0.6642,60,1st Avenue
n0019,n0018,0.6642,60,1st Avenue
n0019,n0020,0.6642,60,1st Avenue
n0019,n0119,0.6672,35,T Lane
n0020,n0019,0.6642,60,1st Avenue
n0020,n0021,0.6642,60,1st Avenue
n0020,n0120,0.6672,60,U Boulevard
n0020,n0015,3.3212,100,Ring Motorway
n0020,n0025,3.3212,100,Ring Motorway
n0021,n0020,0.6642,60,1st Avenue
n0021,n0022,0.6642,60,1st Avenue
n0021,n0121,0.6672,35,V Lane
n0022,n0021,0.6642,60,1st Avenue
n0022,n0023,0.6642,60,1st Avenue
n0022,n0122,0.6672,35,W Lane
n0023,n0022,0.6642,60,1st Avenue
n0023,n0024,0.6642,60,1st Avenue
n0023,n0123,0.6672,35,X Lane
n0024,n0023,0.6642,60,1st Avenue
n0024,n0025,0.6642,60,1st Avenue
n0024,n0124,0.6672,35,Y Lane
n0025,n0024,0.6642,60,1st Avenue
n0025,n0026,0.6642,60,1st Avenue
n0025,n0125,0.6672,60,Z Boulevard
n0025,n0020,3.3212,100,Ring Motorway
n0025,n0030,3.3212,100,Ring Motorway
n0026,n0025,0.6642,60,1st Avenue
n0026,n0027,0.6642,60,1st Avenue
n0026,n0126,0.6672,35,AA Lane
n0027,n0026,0.6642,60,1st Avenue
n0027,n0028,0.6642,60,1st Avenue
n0027,n0127,0.6672,35,AB Lane
n0028,n0027,0.6642,60,1st Avenue
n0028,n0029,0.6642,60,1st Avenue
n0028,n0128,0.6672,35,AC Lane
n0029,n0028,0.6642,60,1st Avenue
n0029,n0030,0.6642,60,1st Avenue
n0029,n0129,0.6672,35,AD Lane
n0030,n0029,0.6642,60,1st Avenue
n0030,n0031,0.6642,60,1st Avenue
n0030,n0130,0.6672,60,AE Boulevard
n0030,n0025,3.3212,100,Ring Motorway
n0030,n0035,3.3212,100,Ring Motorway
n0031,n0030,0.6642,60,1st Avenue
n0031,n0032,0.6642,60,1st Avenue
n0031,n0131,0.6672,35,AF Lane
n0032,n0031,0.6642,60,1st Avenue
n0032,n0033,0.6642,60,1st Avenue
n0032,n0132,0.6672,35,AG Lane
n0033,n0032,0.6642,60,1st Avenue
n0033,n0034,0.6642,60,1st Avenue
n0033,n0133,0.6672,35,AH Lane
n0034,n0033,0.6642,60,1st Avenue
n0034,n0035,0.6642,60,1st Avenue
n0034,n0134,0.6672,35,AI Lane
n0035,n0034,0.6642,60,1st Avenue
n0035,n0036,0.6642,60,1st Avenue
n0035,n0135,0.6672,60,AJ Boulevard
n0035,n0030,3.3212,100,Ring Motorway
n0035,n0539,4.2644,100,Ring Motorway
n0036,n0035,0.6642,60,1st Avenue
n0036,n0037,0.6642,60,1st Avenue
n0036,n0136,0.6672,35,AK Lane
n0037,n0036,0.6642,60,1st Avenue
n0037,n0038,0.6642,60,1st Avenue
n0037,n0137,0.6672,35,AL Lane
n0038,n0037,0.6642,60,1st Avenue
n0038,n0039,0.6642,60,1st Avenue
n0038,n0138,0.6672,35,AM Lane
n0039,n0038,0.6642,60,1st Avenue
n0039,n0139,0.6672,35,AN Lane
n0100,n0000,0.6672,60,A Boulevard
n0100,n0101,0.6642,35,2nd Street
n0100,n0200,0.6672,60,A Boulevard
n0101,n0001,0.6672,35,B Lane
n0101,n0100,0.6642,35,2nd Street
n0101,n0102,0.6642,35,2nd Street
n0101,n0201,0.6672,35,B Lane
n0102,n0002,0.6672,35,C Lane
n0102,n0101,0.6642,35,2nd Street
n0102,n0103,0.6642,35,2nd Street
n0102,n0202,0.6672,35,C Lane
n0103,n0003,0.6672,35,D Lane
n0103,n0102,0.6642,35,2nd Street
n0103,n0104,0.6642,35,2nd Street
n0103,n0203,0.6672,35,D Lane
n0104,n0004,0.6672,35,E Lane
n0104,n0103,0.6642,35,2nd Street
n0104,n0204,0.6672,35,E Lane
n0105,n0005,0.6672,60,F Boulevard
n0105,n0106,0.6642,35,2nd Street
n0105,n0205,0.6672,60,F Boulevard
n0106,n0006,0.6672,35,G Lane
n0106,n0105,0.6642,35,2nd Street
n0106,n0107,0.6642,35,2nd Street
n0106,n0206,0.6672,35,G Lane
n0107,n0007,0.6672,35,H Lane
n0107,n0106,0.6642,35,2nd Street
n0107,n0207,0.6672,35,H Lane
n0108,n0008,0.6672,35,I Lane
n0108,n0208,0.6672,35,I Lane
n0109,n0110,0.6642,35,2nd Street
n0109,n0209,0.6672,35,J Lane
n0110,n0010,0.6672,60,K Boulevard
n0110,n0109,0.6642,35,2nd Street
n0110,n0111,0.6642,35,2nd Street
n0110,n0210,0.6672,60,K Boulevard
n0111,n0011,0.6672,35,L Lane
n0111,n0110,0.6642,35,2nd Street
n0111,n0112,0.6642,35,2nd Street
n0111,n0211,0.6672,35,L Lane
n0112,n0012,0.6672,35,M Lane
n0112,n0111,0.6642,35,2nd Street
n0112,n0113,0.6642,35,2nd Street
n0112,n0212,0.6672,35,M Lane
n0113,n0013,0.6672,35,N Lane
n0113,n0112,0.6642,35,2nd Street
n0113,n0114,0.6642,35,2nd Street
n0113,n0213,0.6672,35,N Lane
n0114,n0014,0.6672,35,O Lane
n0114,n0113,0.6642,35,2nd Street
n0114,n0115,0.6642,35,2nd Street
n0114,n0214,0.6672,35,O Lane
n0115,n0015,0.6672,60,P Boulevard
n0115,n0114,0.6642,35,2nd Street
n0115,n0116,0.6642,35,2nd Street
n0115,n0215,0.6672,60,P Boulevard
n0116,n0016,0.6672,35,Q Lane
n0116,n0115,0.6642,35,2nd Street
n0116,n0117,0.6642,35,2nd Street
n0116,n0216,0.6672,35,Q Lane
n0117,n0017,0.6672,35,R Lane
n0117,n0116,0.6642,35,2nd Street
n0117,n0118,0.6642,35,2nd Street
n0118,n0117,0.6642,35,2nd Street
n0118,n0119,0.6642,35,2nd Street
n0118,n0218,0.6672,35,S Lane
n0119,n0019,0.6672,35,T Lane
n0119,n0118,0.6642,35,2nd Street
n0119,n0120,0.6642,35,2nd Street
n0119,n0219,0.6672,35,T Lane
n0120,n0020,0.6672,60,U Boulevard
n0120,n0119,0.6642,35,2nd Street
n0120,n0121,0.6642,35,2nd Street
n0120,n0220,0.6672,60,U Boulevard
n0121,n0021,0.6672,35,V Lane
n0121,n0120,0.6642,35,2nd Street
n0121,n0122,0.6642,35,2nd Street
n0121,n0221,0.6672,35,V Lane
n0122,n0022,0.6672,35,W Lane
n0122,n0121,0.6642,35,2nd Street
n0122,n0123,0.6642,35,2nd Street
n0123,n0023,0.6672,35,X Lane
n0123,n0122,0.6642,35,2nd Street
n0123,n0124,0.6642,35,2nd Street
n0123,n0223,0.6672,35,X Lane
n0124,n0024,0.6672,35,Y Lane
n0124,n0123,0.6642,35,2nd Street
n0124,n0125,0.6642,35,2nd Street
n0124,n0224,0.6672,35,Y Lane
n0125,n0025,0.6672,60,Z Boulevard
n0125,n0124,0.6642,35,2nd Street
n0125,n0126,0.6642,35,2nd Street
n0125,n0225,0.6672,60,Z Boulevard
n0126,n0026,0.6672,35,AA Lane
n0126,n0125,0.6642,35,2nd Street
n0126,n0127,0.6642,35,2nd Street
n0126,n0226,0.6672,35,AA Lane
n0127,n0027,0.6672,35,AB Lane
n0127,n0126,0.6642,35,2nd Street
n0127,n0128,0.6642,35,2nd Street
n0127,n0227,0.6672,35,AB Lane
n0128,n0028,0.6672,35,AC Lane
n0128,n0127,0.6642,35,2nd Street
n0128,n0228,0.6672,35,AC Lane
n0129,n0029,0.6672,35,AD Lane
n0129,n0130,0.6642,35,2nd Street
n0129,n0229,0.6672,35,AD Lane
n0130,n0030,0.6672,60,AE Boulevard
n0130,n0129,0.6642,35,2nd Street
n0130,n0131,0.6642,35,2nd Street
n0130,n0230,0.6672,60,AE Boulevard
n0131,n0031,0.6672,35,AF Lane
n0131,n0130,0.6642,35,2nd Street
n0131,n0132,0.6642,35,2nd Street
n0131,n0231,0.6672,35,AF Lane
n0132,n0032,0.6672,35,AG Lane
n0132,n0131,0.6642,35,2nd Street
n0132,n0133,0.6642,35,2nd Street
n0132,n0232,0.6672,35,AG Lane
n0133,n0033,0.6672,35,AH Lane
n0133,n0132,0.6642,35,2nd Street
n0133,n0134,0.6642,35,2nd Street
n0133,n0233,0.6672,35,AH Lane
n0134,n0034,0.6672,35,AI Lane
n0134,n0133,0.6642,35,2nd Street
n0134,n0135,0.6642,35,2nd Street
n0134,n0234,0.6672,35,AI Lane
n0135,n0035,0.6672,60,AJ Boulevard
n0135,n0134,0.6642,35,2nd Street
n0135,n0136,0.6642,35,2nd Street
n0135,n0235,0.6672,60,AJ Boulevard
n0136,n0036,0.6672,35,AK Lane
n0136,n0135,0.6642,35,2nd Street
n0136,n0137,0.6642,35,2nd Street
n0136,n0236,0.6672,35,AK Lane
n0137,n0037,0.6672,35,AL Lane
n0137,n0136,0.6642,35,2nd Street
n0137,n0138,0.6642,35,2nd Street
n0137,n0237,0.6672,35,AL Lane
n0138,n0038,0.6672,35,AM Lane
n0138,n0137,0.6642,35,2nd Street
n0138,n0139,0.6642,35,2nd Street
n0138,n0238,0.6672,35,AM Lane
n0139,n0039,0.6672,35,AN Lane
n0139,n0138,0.6642,35,2nd Street
n0139,n0239,0.6672,35,AN Lane
n0200,n0100,0.6672,60,A Boulevard
n0200,n0201,0.6641,35,3rd Street
n0200,n0300,0.6672,60,A Boulevard
n0201,n0101,0.6672,35,B Lane
n0201,n0200,0.6641,35,3rd Street
n0201,n0202,0.6641,35,3rd Street
n0201,n0301,0.6672,35,B Lane
n0202,n0102,0.6672,35,C Lane
n0202,n0201,0.6641,35,3rd Street
n0202,n0203,0.6641,35,3rd Street
n0202,n0302,0.6672,35,C Lane
n0203,n0103,0.6672,35,D Lane
n0203,n0202,0.6641,35,3rd Street
n0203,n0204,0.6641,35,3rd Street
n0203,n0303,0.6672,35,D Lane
n0204,n0104,0.6672,35,E Lane
n0204,n0203,0.6641,35,3rd Street
n0204,n0205,0.6641,35,3rd Street
n0204,n0304,0.6672,35,E Lane
n0205,n0105,0.6672,60,F Boulevard
n0205,n0204,0.6641,35,3rd Street
n0205,n0206,0.6641,35,3rd Street
n0205,n0305,0.6672,60,F Boulevard
n0206,n0106,0.6672,35,G Lane
n0206,n0205,0.6641,35,3rd Street
n0206,n0207,0.6641,35,3rd Street
n0206,n0306,0.6672,35,G Lane
n0207,n0107,0.6672,35,H Lane
n0207,n0206,0.6641,35,3rd Street
n0207,n0208,0.6641,35,3rd Street
n0207,n0307,0.6672,35,H Lane
n0208,n0108,0.6672,35,I Lane
n0208,n0207,0.6641,35,3rd Street
n0208,n0209,0.6641,35,3rd Street
n0208,n0308,0.6672,35,I Lane
n0209,n0109,0.6672,35,J Lane
n0209,n0208,0.6641,35,3rd Street
n0209,n0210,0.6641,35,3rd Street
n0209,n0309,0.6672,35,J Lane
n0210,n0110,0.6672,60,K Boulevard
n0210,n0209,0.6641,35,3rd Street
n0210,n0211,0.6641,35,3rd Street
n0210,n0310,0.6672,60,K Boulevard
n0211,n0111,0.6672,35,L Lane
n0211,n0210,0.6641,35,3rd Street
n0211,n0212,0.6641,35,3rd Street
n0212,n0112,0.6672,35,M Lane
n0212,n0211,0.6641,35,3rd Street
n0212,n0213,0.6641,35,3rd Street
n0212,n0312,0.6672,35,M Lane
n0213,n0113,0.6672,35,N Lane
n0213,n0212,0.6641,35,3rd Street
n0213,n0214,0.6641,35,3rd Street
n0213,n0313,0.6672,35,N Lane
n0214,n0114,0.6672,35,O Lane
n0214,n0213,0.6641,35,3rd Street
n0214,n0215,0.6641,35,3rd Street
n0214,n0314,0.6672,35,O Lane
n0215,n0115,0.6672,60,P Boulevard
n0215,n0214,0.6641,35,3rd Street
n0215,n0216,0.6641,35,3rd Street
n0215,n0315,0.6672,60,P Boulevard
n0216,n0116,0.6672,35,Q Lane
n0216,n0215,0.6641,35,3rd Street
n0216,n0217,0.6641,35,3rd Street
n0216,n0316,0.6672,35,Q Lane
n0217,n0216,0.6641,35,3rd Street
n0217,n0218,0.6641,35,3rd Street
n0217,n0317,0.6672,35,R Lane
n0218,n0118,0.6672,35,S Lane
n0218,n0217,0.6641,35,3rd Street
n0218,n0219,0.6641,35,3rd Street
n0218,n0318,0.6672,35,S Lane
n0219,n0119,0.6672,35,T Lane
n0219,n0218,0.6641,35,3rd Street
n0219,n0319,0.6672,35,T Lane
n0220,n0120,0.6672,60,U Boulevard
n0220,n0221,0.6641,35,3rd Street
n0220,n0320,0.6672,60,U Boulevard
n0221,n0121,0.6672,35,V Lane
n0221,n0220,0.6641,35,3rd Street
n0221,n0222,0.6641,35,3rd Street
n0221,n0321,0.6672,35,V Lane
n0222,n0221,0.6641,35,3rd Street
n0222,n0223,0.6641,35,3rd Street
n0222,n0322,0.6672,35,W Lane
n0223,n0123,0.6672,35,X Lane
n0223,n0222,0.6641,35,3rd Street
n0223,n0224,0.6641,35,3rd Street
n0223,n0323,0.6672,35,X Lane
n0224,n0124,0.6672,35,Y Lane
n0224,n0223,0.6641,35,3rd Street
n0224,n0225,0.6641,35,3rd Street
n0224,n0324,0.6672,35,Y Lane
n0225,n0125,0.6672,60,Z Boulevard
n0225,n0224,0.6641,35,3rd Street
n0225,n0325,0.6672,60,Z Boulevard
n0226,n0126,0.6672,35,AA Lane
n0226,n0326,0.6672,35,AA Lane
n0227,n0127,0.6672,35,AB Lane
n0227,n0327,0.6672,35,AB Lane
n0228,n0128,0.6672,35,AC Lane
n0228,n0229,0.6641,35,3rd Street
n0228,n0328,0.6672,35,AC Lane
n0229,n0129,0.6672,35,AD Lane
n0229,n0228,0.6641,35,3rd Street
n0229,n0230,0.6641,35,3rd Street
n0229,n0329,0.6672,35,AD Lane
n0230,n0130,0.6672,60,AE Boulevard
n0230,n0229,0.6641,35,3rd Street
n0230,n0231,0.6641,35,3rd Street
n0230,n0330,0.6672,60,AE Boulevard
n0231,n0131,0.6672,35,AF Lane
n0231,n0230,0.6641,35,3rd Street
n0231,n0232,0.6641,35,3rd Street
n0231,n0331,0.6672,35,AF Lane
n0232,n0132,0.6672,35,AG Lane
n0232,n0231,0.6641,35,3rd Street
n0232,n0233,0.6641,35,3rd Street
n0232,n0332,0.6672,35,AG Lane
n0233,n0133,0.6672,35,AH Lane
n0233,n0232,0.6641,35,3rd Street
n0233,n0234,0.6641,35,3rd Street
n0233,n0333,0.6672,35,AH Lane
n0234,n0134,0.6672,35,AI Lane
n0234,n0233,0.6641,35,3rd Street
n0234,n0235,0.6641,35,3rd Street
n0234,n0334,0.6672,35,AI Lane
n0235,n0135,0.6672,60,AJ Boulevard
n0235,n0234,0.6641,35,3rd Street
n0235,n0236,0.6641,35,3rd Street
n0235,n0335,0.6672,60,AJ Boulevard
n0236,n0136,0.6672,35,AK Lane
n0236,n0235,0.6641,35,3rd Street
n0236,n0237,0.6641,35,3rd Street
n0236,n0336,0.6672,35,AK Lane
n0237,n0137,0.6672,35,AL Lane
n0237,n0236,0.6641,35,3rd Street
n0237,n0238,0.6641,35,3rd Street
n0237,n0337,0.6672,35,AL Lane
n0238,n0138,0.6672,35,AM Lane
n0238,n0237,0.6641,35,3rd Street
n0238,n0239,0.6641,35,3rd Street
n0238,n0338,0.6672,35,AM Lane
n0239,n0139,0.6672,35,AN Lane
n0239,n0238,0.6641,35,3rd Street
n0239,n0339,0.6672,35,AN Lane
n0300,n0200,0.6672,60,A Boulevard
n0300,n0301,0.6641,35,4th Street
n0300,n0400,0.6672,60,A Boulevard
n0301,n0201,0.6672,35,B Lane
n0301,n0300,0.6641,35,4th Street
n0301,n0401,0.6672,35,B Lane
n0302,n0202,0.6672,35,C Lane
n0302,n0303,0.6641,35,4th Street
n0302,n0402,0.6672,35,C Lane
n0303,n0203,0.6672,35,D Lane
n0303,n0302,0.6641,35,4th Street
n0303,n0304,0.6641,35,4th Street
n0303,n0403,0.6672,35,D Lane
n0304,n0204,0.6672,35,E Lane
n0304,n0303,0.6641,35,4th Street
n0304,n0305,0.6641,35,4th Street
n0304,n0404,0.6672,35,E Lane
n0305,n0205,0.6672,60,F Boulevard
n0305,n0304,0.6641,35,4th Street
n0305,n0306,0.6641,35,4th Street
n0305,n0405,0.6672,60,F Boulevard
n0306,n0206,0.6672,35,G Lane
n0306,n0305,0.6641,35,4th Street
n0306,n0307,0.6641,35,4th Street
n0306,n0406,0.6672,35,G Lane
n0307,n0207,0.6672,35,H Lane
n0307,n0306,0.6641,35,4th Street
n0307,n0308,0.6641,35,4th Street
n0307,n0407,0.6672,35,H Lane
n0308,n0208,0.6672,35,I Lane
n0308,n0307,0.6641,35,4th Street
n0308,n0309,0.6641,35,4th Street
n0308,n0408,0.6672,35,I Lane
n0309,n0209,0.6672,35,J Lane
n0309,n0308,0.6641,35,4th Street
n0309,n0310,0.6641,35,4th Street
n0309,n0409,0.6672,35,J Lane
n0310,n0210,0.6672,60,K Boulevard
n0310,n0309,0.6641,35,4th Street
n0310,n0311,0.6641,35,4th Street
n0310,n0410,0.6672,60,K Boulevard
n0311,n0310,0.6641,35,4th Street
n0311,n0411,0.6672,35,L Lane
n0312,n0212,0.6672,35,M Lane
n0312,n0313,0.6641,35,4th Street
n0312,n0412,0.6672,35,M Lane
n0313,n0213,0.6672,35,N Lane
n0313,n0312,0.6641,35,4th Street
n0313,n0314,0.6641,35,4th Street
n0313,n0413,0.6672,35,N Lane
n0314,n0214,0.6672,35,O Lane
n0314,n0313,0.6641,35,4th Street
n0314,n0315,0.6641,35,4th Street
n0314,n0414,0.6672,35,O Lane
n0315,n0215,0.6672,60,P Boulevard
n0315,n0314,0.6641,35,4th Street
n0315,n0316,0.6641,35,4th Street
n0315,n0415,0.6672,60,P Boulevard
n0316,n0216,0.6672,35,Q Lane
n0316,n0315,0.6641,35,4th Street
n0316,n0317,0.6641,35,4th Street
n0317,n0217,0.6672,35,R Lane
n0317,n0316,0.6641,35,4th Street
n0317,n0318,0.6641,35,4th Street
n0317,n0417,0.6672,35,R Lane
n0318,n0218,0.6672,35,S Lane
n0318,n0317,0.6641,35,4th Street
n0318,n0319,0.6641,35,4th Street
n0318,n0418,0.6672,35,S Lane
n0319,n0219,0.6672,35,T Lane
n0319,n0318,0.6641,35,4th Street
n0319,n0419,0.6672,35,T Lane
n0320,n0220,0.6672,60,U Boulevard
n0320,n0321,0.6641,35,4th Street
n0320,n0420,0.6672,60,U Boulevard
n0321,n0221,0.6672,35,V Lane
n0321,n0320,0.6641,35,4th Street
n0321,n0322,0.6641,35,4th Street
n0321,n0421,0.6672,35,V Lane
n0322,n0222,0.6672,35,W Lane
n0322,n0321,0.6641,35,4th Street
n0322,n0323,0.6641,35,4th Street
n0322,n0422,0.6672,35,W Lane
n0323,n0223,0.6672,35,X Lane
n0323,n0322,0.6641,35,4th Street
n0323,n0324,0.6641,35,4th Street
n0323,n0423,0.6672,35,X Lane
n0324,n0224,0.6672,35,Y Lane
n0324,n0323,0.6641,35,4th Street
n0324,n0325,0.6641,35,4th Street
n0324,n0424,0.6672,35,Y Lane
n0325,n0225,0.6672,60,Z Boulevard
n0325,n0324,0.6641,35,4th Street
n0325,n0326,0.6641,35,4th Street
n0325,n0425,0.6672,60,Z Boulevard
n0326,n0226,0.6672,35,AA Lane
n0326,n0325,0.6641,35,4th Street
n0326,n0426,0.6672,35,AA Lane
n0327,n0227,0.6672,35,AB Lane
n0327,n0328,0.6641,35,4th Street
n0327,n0427,0.6672,35,AB Lane
n0328,n0228,0.6672,35,AC Lane
n0328,n0327,0.6641,35,4th Street
n0328,n0329,0.6641,35,4th Street
n0328,n0428,0.6672,35,AC Lane
n0329,n0229,0.6672,35,AD Lane
n0329,n0328,0.6641,35,4th Street
n0329,n0429,0.6672,35,AD Lane
n0330,n0230,0.6672,60,AE Boulevard
n0330,n0331,0.6641,35,4th Street
n0330,n0430,0.6672,60,AE Boulevard
n0331,n0231,0.6672,35,AF Lane
n0331,n0330,0.6641,35,4th Street
n0331,n0332,0.6641,35,4th Street
n0331,n0431,0.6672,35,AF Lane
n0332,n0232,0.6672,35,AG Lane
n0332,n0331,0.6641,35,4th Street
n0332,n0333,0.6641,35,4th Street
n0332,n0432,0.6672,35,AG Lane
n0333,n0233,0.6672,35,AH Lane
n0333,n0332,0.6641,35,4th Street
n0333,n0334,0.6641,35,4th Street
n0333,n0433,0.6672,35,AH Lane
n0334,n0234,0.6672,35,AI Lane
n0334,n0333,0.6641,35,4th Street
n0334,n0335,0.6641,35,4th Street
n0334,n0434,0.6672,35,AI Lane
n0335,n0235,0.6672,60,AJ Boulevard
n0335,n0334,0.6641,35,4th Street
n0335,n0336,0.6641,35,4th Street
n0335,n0435,0.6672,60,AJ Boulevard
n0336,n0236,0.6672,35,AK Lane
n0336,n0335,0.6641,35,4th Street
n0336,n0337,0.6641,35,4th Street
n0336,n0436,0.6672,35,AK Lane
n0337,n0237,0.6672,35,AL Lane
n0337,n0336,0.6641,35,4th Street
n0337,n0338,0.6641,35,4th Street
n0337,n0437,0.6672,35,AL Lane
n0338,n0238,0.6672,35,AM Lane
n0338,n0337,0.6641,35,4th Street
n0338,n0339,0.6641,35,4th Street
n0338,n0438,0.6672,35,AM Lane
n0339,n0239,0.6672,35,AN Lane
n0339,n0338,0.6641,35,4th Street
n0339,n0439,0.6672,35,AN Lane
n0400,n0300,0.6672,60,A Boulevard
n0400,n0401,0.6641,35,5th Street
n0400,n0500,0.6672,60,A Boulevard
n0400,n0900,3.3359,100,Ring Motorway
n0400,n0000,2.6687,100,Ring Motorway
n0401,n0301,0.6672,35,B Lane
n0401,n0400,0.6641,35,5th Street
n0401,n0402,0.6641,35,5th Street
n0401,n0501,0.6672,35,B Lane
n0402,n0302,0.6672,35,C Lane
n0402,n0401,0.6641,35,5th Street
n0402,n0403,0.6641,35,5th Street
n0402,n0502,0.6672,35,C Lane
n0403,n0303,0.6672,35,D Lane
n0403,n0402,0.6641,35,5th Street
n0403,n0404,0.6641,35,5th Street
n0403,n0503,0.6672,35,D Lane
n0404,n0304,0.6672,35,E Lane
n0404,n0403,0.6641,35,5th Street
n0404,n0405,0.6641,35,5th Street
n0404,n0504,0.6672,35,E Lane
n0405,n0305,0.6672,60,F Boulevard
n0405,n0404,0.6641,35,5th Street
n0405,n0406,0.6641,35,5th Street
n0405,n0505,0.6672,60,F Boulevard
n0406,n0306,0.6672,35,G Lane
n0406,n0405,0.6641,35,5th Street
n0406,n0407,0.6641,35,5th Street
n0406,n0506,0.6672,35,G Lane
n0407,n0307,0.6672,35,H Lane
n0407,n0406,0.6641,35,5th Street
n0407,n0507,0.6672,35,H Lane
n0408,n0308,0.6672,35,I Lane
n0408,n0409,0.6641,35,5th Street
n0408,n0508,0.6672,35,I Lane
n0409,n0309,0.6672,35,J Lane
n0409,n0408,0.6641,35,5th Street
n0409,n0410,0.6641,35,5th Street
n0409,n0509,0.6672,35,J Lane
n0410,n0310,0.6672,60,K Boulevard
n0410,n0409,0.6641,35,5th Street
n0410,n0411,0.6641,35,5th Street
n0410,n0510,0.6672,60,K Boulevard
n0411,n0311,0.6672,35,L Lane
n0411,n0410,0.6641,35,5th Street
n0411,n0412,0.6641,35,5th Street
n0411,n0511,0.6672,35,L Lane
n0412,n0312,0.6672,35,M Lane
n0412,n0411,0.6641,35,5th Street
n0412,n0413,0.6641,35,5th Street
n0413,n0313,0.6672,35,N Lane
n0413,n0412,0.6641,35,5th Street
n0413,n0414,0.6641,35,5th Street
n0413,n0513,0.6672,35,N Lane
n0414,n0314,0.6672,35,O Lane
n0414,n0413,0.6641,35,5th Street
n0414,n0415,0.6641,35,5th Street
n0415,n0315,0.6672,60,P Boulevard
n0415,n0414,0.6641,35,5th Street
n0415,n0416,0.6641,35,5th Street
n0415,n0515,0.6672,60,P Boulevard
n0416,n0415,0.6641,35,5th Street
n0416,n0417,0.6641,35,5th Street
n0416,n0516,0.6672,35,Q Lane
n0417,n0317,0.6672,35,R Lane
n0417,n0416,0.6641,35,5th Street
n0417,n0418,0.6641,35,5th Street
n0417,n0517,0.6672,35,R Lane
n0418,n0318,0.6672,35,S Lane
n0418,n0417,0.6641,35,5th Street
n0418,n0419,0.6641,35,5th Street
n0418,n0518,0.6672,35,S Lane
n0419,n0319,0.6672,35,T Lane
n0419,n0418,0.6641,35,5th Street
n0419,n0420,0.6641,35,5th Street
n0419,n0519,0.6672,35,T Lane
n0420,n0320,0.6672,60,U Boulevard
n0420,n0419,0.6641,35,5th Street
n0420,n0421,0.6641,35,5th Street
n0420,n0520,0.6672,60,U Boulevard
n0421,n0321,0.6672,35,V Lane
n0421,n0420,0.6641,35,5th Street
n0421,n0422,0.6641,35,5th Street
n0421,n0521,0.6672,35,V Lane
n0422,n0322,0.6672,35,W Lane
n0422,n0421,0.6641,35,5th Street
n0422,n0423,0.6641,35,5th Street
n0422,n0522,0.6672,35,W Lane
n0423,n0323,0.6672,35,X Lane
n0423,n0422,0.6641,35,5th Street
n0423,n0424,0.6641,35,5th Street
n0423,n0523,0.6672,35,X Lane
n0424,n0324,0.6672,35,Y Lane
n0424,n0423,0.6641,35,5th Street
n0424,n0425,0.6641,35,5th Street
n0424,n0524,0.6672,35,Y Lane
n0425,n0325,0.6672,60,Z Boulevard
n0425,n0424,0.6641,35,5th Street
n0425,n0426,0.6641,35,5th Street
n0425,n0525,0.6672,60,Z Boulevard
n0426,n0326,0.6672,35,AA Lane
n0426,n0425,0.6641,35,5th Street
n0426,n0427,0.6641,35,5th Street
n0426,n0526,0.6672,35,AA Lane
n0427,n0327,0.6672,35,AB Lane
n0427,n0426,0.6641,35,5th Street
n0427,n0428,0.6641,35,5th Street
n0427,n0527,0.6672,35,AB Lane
n0428,n0328,0.6672,35,AC Lane
n0428,n0427,0.6641,35,5th Street
n0428,n0429,0.6641,35,5th Street
n0428,n0528,0.6672,35,AC Lane
n0429,n0329,0.6672,35,AD Lane
n0429,n0428,0.6641,35,5th Street
n0429,n0430,0.6641,35,5th Street
n0429,n0529,0.6672,35,AD Lane
n0430,n0330,0.6672,60,AE Boulevard
n0430,n0429,0.6641,35,5th Street
n0430,n0431,0.6641,35,5th Street
n0430,n0530,0.6672,60,AE Boulevard
n0431,n0331,0.6672,35,AF Lane
n0431,n0430,0.6641,35,5th Street
n0431,n0432,0.6641,35,5th Street
n0431,n0531,0.6672,35,AF Lane
n0432,n0332,0.6672,35,AG Lane
n0432,n0431,0.6641,35,5th Street
n0432,n0433,0.6641,35,5th Street
n0432,n0532,0.6672,35,AG Lane
n0433,n0333,0.6672,35,AH Lane
n0433,n0432,0.6641,35,5th Street
n0433,n0533,0.6672,35,AH Lane
n0434,n0334,0.6672,35,AI Lane
n0434,n0435,0.6641,35,5th Street
n0434,n0534,0.6672,35,AI Lane
n0435,n0335,0.6672,60,AJ Boulevard
n0435,n0434,0.6641,35,5th Street
n0435,n0436,0.6641,35,5th Street
n0435,n0535,0.6672,60,AJ Boulevard
n0436,n0336,0.6672,35,AK Lane
n0436,n0435,0.6641,35,5th Street
n0436,n0437,0.6641,35,5th Street
n0436,n0536,0.6672,35,AK Lane
n0437,n0337,0.6672,35,AL Lane
n0437,n0436,0.6641,35,5th Street
n0437,n0438,0.6641,35,5th Street
n0437,n0537,0.6672,35,AL Lane
n0438,n0338,0.6672,35,AM Lane
n0438,n0437,0.6641,35,5th Street
n0438,n0439,0.6641,35,5th Street
n0438,n0538,0.6672,35,AM Lane
n0439,n0339,0.6672,35,AN Lane
n0439,n0438,0.6641,35,5th Street
n0439,n0539,0.6672,35,AN Lane
n0500,n0400,0.6672,60,A Boulevard
n0500,n0501,0.6640,60,6th Avenue
n0500,n0600,0.6672,60,A Boulevard
n0501,n0401,0.6672,35,B Lane
n0501,n0500,0.6640,60,6th Avenue
n0501,n0502,0.6640,60,6th Avenue
n0501,n0601,0.6672,35,B Lane
n0502,n0402,0.6672,35,C Lane
n0502,n0501,0.6640,60,6th Avenue
n0502,n0503,0.6640,60,6th Avenue
n0502,n0602,0.6672,35,C Lane
n0503,n0403,0.6672,35,D Lane
n0503,n0502,0.6640,60,6th Avenue
n0503,n0504,0.6640,60,6th Avenue
n0503,n0603,0.6672,35,D Lane
n0504,n0404,0.6672,35,E Lane
n0504,n0503,0.6640,60,6th Avenue
n0504,n0505,0.6640,60,6th Avenue
n0504,n0604,0.6672,35,E Lane
n0505,n0405,0.6672,60,F Boulevard
n0505,n0504,0.6640,60,6th Avenue
n0505,n0506,0.6640,60,6th Avenue
n0505,n0605,0.6672,60,F Boulevard
n0506,n0406,0.6672,35,G Lane
n0506,n0505,0.6640,60,6th Avenue
n0506,n0507,0.6640,60,6th Avenue
n0506,n0606,0.6672,35,G Lane
n0507,n0407,0.6672,35,H Lane
n0507,n0506,0.6640,60,6th Avenue
n0507,n0508,0.6640,60,6th Avenue
n0507,n0607,0.6672,35,H Lane
n0508,n0408,0.6672,35,I Lane
n0508,n0507,0.6640,60,6th Avenue
n0508,n0509,0.6640,60,6th Avenue
n0508,n0608,0.6672,35,I Lane
n0509,n0409,0.6672,35,J Lane
n0509,n0508,0.6640,60,6th Avenue
n0509,n0510,0.6640,60,6th Avenue
n0509,n0609,0.6672,35,J Lane
n0510,n0410,0.6672,60,K Boulevard
n0510,n0509,0.6640,60,6th Avenue
n0510,n0511,0.6640,60,6th Avenue
n0510,n0610,0.6672,60,K Boulevard
n0511,n0411,0.6672,35,L Lane
n0511,n0510,0.6640,60,6th Avenue
n0511,n0512,0.6640,60,6th Avenue
n0511,n0611,0.6672,35,L Lane
n0512,n0511,0.6640,60,6th Avenue
n0512,n0513,0.6640,60,6th Avenue
n0512,n0612,0.6672,35,M Lane
n0513,n0413,0.6672,35,N Lane
n0513,n0512,0.6640,60,6th Avenue
n0513,n0514,0.6640,60,6th Avenue
n0513,n0613,0.6672,35,N Lane
n0514,n0513,0.6640,60,6th Avenue
n0514,n0515,0.6640,60,6th Avenue
n0514,n0614,0.6672,35,O Lane
n0515,n0415,0.6672,60,P Boulevard
n0515,n0514,0.6640,60,6th Avenue
n0515,n0516,0.6640,60,6th Avenue
n0515,n0615,0.6672,60,P Boulevard
n0516,n0416,0.6672,35,Q Lane
n0516,n0515,0.6640,60,6th Avenue
n0516,n0517,0.6640,60,6th Avenue
n0516,n0616,0.6672,35,Q Lane
n0517,n0417,0.6672,35,R Lane
n0517,n0516,0.6640,60,6th Avenue
n0517,n0518,0.6640,60,6th Avenue
n0517,n0617,0.6672,35,R Lane
n0518,n0418,0.6672,35,S Lane
n0518,n0517,0.6640,60,6th Avenue
n0518,n0519,0.6640,60,6th Avenue
n0518,n0618,0.6672,35,S Lane
n0519,n0419,0.6672,35,T Lane
n0519,n0518,0.6640,60,6th Avenue
n0519,n0520,0.6640,60,6th Avenue
n0520,n0420,0.6672,60,U Boulevard
n0520,n0519,0.6640,60,6th Avenue
n0520,n0521,0.6640,60,6th Avenue
n0520,n0620,0.6672,60,U Boulevard
n0521,n0421,0.6672,35,V Lane
n0521,n0520,0.6640,60,6th Avenue
n0521,n0522,0.6640,60,6th Avenue
n0521,n0621,0.6672,35,V Lane
n0522,n0422,0.6672,35,W Lane
n0522,n0521,0.6640,60,6th Avenue
n0522,n0523,0.6640,60,6th Avenue
n0522,n0622,0.6672,35,W Lane
n0523,n0423,0.6672,35,X Lane
n0523,n0522,0.6640,60,6th Avenue
n0523,n0524,0.6640,60,6th Avenue
n0523,n0623,0.6672,35,X Lane
n0524,n0424,0.6672,35,Y Lane
n0524,n0523,0.6640,60,6th Avenue
n0524,n0525,0.6640,60,6th Avenue
n0524,n0624,0.6672,35,Y Lane
n0525,n0425,0.6672,60,Z Boulevard
n0525,n0524,0.6640,60,6th Avenue
n0525,n0526,0.6640,60,6th Avenue
n0525,n0625,0.6672,60,Z Boulevard
n0526,n0426,0.6672,35,AA Lane
n0526,n0525,0.6640,60,6th Avenue
n0526,n0527,0.6640,60,6th Avenue
n0526,n0626,0.6672,35,AA Lane
n0527,n0427,0.6672,35,AB Lane
n0527,n0526,0.6640,60,6th Avenue
n0527,n0528,0.6640,60,6th Avenue
n0527,n0627,0.6672,35,AB Lane
n0528,n0428,0.6672,35,AC Lane
n0528,n0527,0.6640,60,6th Avenue
n0528,n0529,0.6640,60,6th Avenue
n0528,n0628,0.6672,35,AC Lane
n0529,n0429,0.6672,35,AD Lane
n0529,n0528,0.6640,60,6th Avenue
n0529,n0530,0.6640,60,6th Avenue
n0529,n0629,0.6672,35,AD Lane
n0530,n0430,0.6672,60,AE Boulevard
n0530,n0529,0.6640,60,6th Avenue
n0530,n0531,0.6640,60,6th Avenue
n0530,n0630,0.6672,60,AE Boulevard
n0531,n0431,0.6672,35,AF Lane
n0531,n0530,0.6640,60,6th Avenue
n0531,n0532,0.6640,60,6th Avenue
n0531,n0631,0.6672,35,AF Lane
n0532,n0432,0.6672,35,AG Lane
n0532,n0531,0.6640,60,6th Avenue
n0532,n0533,0.6640,60,6th Avenue
n0532,n0632,0.6672,35,AG Lane
n0533,n0433,0.6672,35,AH Lane
n0533,n0532,0.6640,60,6th Avenue
n0533,n0534,0.6640,60,6th Avenue
n0533,n0633,0.6672,35,AH Lane
n0534,n0434,0.6672,35,AI Lane
n0534,n0533,0.6640,60,6th Avenue
n0534,n0535,0.6640,60,6th Avenue
n0534,n0634,0.6672,35,AI Lane
n0535,n0435,0.6672,60,AJ Boulevard
n0535,n0534,0.6640,60,6th Avenue
n0535,n0536,0.6640,60,6th Avenue
n0535,n0635,0.6672,60,AJ Boulevard
n0536,n0436,0.6672,35,AK Lane
n0536,n0535,0.6640,60,6th Avenue
n0536,n0537,0.6640,60,6th Avenue
n0536,n0636,0.6672,35,AK Lane
n0537,n0437,0.6672,35,AL Lane
n0537,n0536,0.6640,60,6th Avenue
n0537,n0538,0.6640,60,6th Avenue
n0537,n0637,0.6672,35,AL Lane
n0538,n0438,0.6672,35,AM Lane
n0538,n0537,0.6640,60,6th Avenue
n0538,n0539,0.6640,60,6th Avenue
n0538,n0638,0.6672,35,AM Lane
n0539,n0439,0.6672,35,AN Lane
n0539,n0538,0.6640,60,6th Avenue
n0539,n0639,0.6672,35,AN Lane
n0539,n0035,4.2644,100,Ring Motorway
n0539,n1039,3.3359,100,Ring Motorway
n0600,n0500,0.6672,60,A Boulevard
n0600,n0601,0.6640,35,7th Street
n0600,n0700,0.6672,60,A Boulevard
n0601,n0501,0.6672,35,B Lane
n0601,n0600,0.6640,35,7th Street
n0601,n0602,0.6640,35,7th Street
n0601,n0701,0.6672,35,B Lane
n0602,n0502,0.6672,35,C Lane
n0602,n0601,0.6640,35,7th Street
n0602,n0603,0.6640,35,7th Street
n0602,n0702,0.6672,35,C Lane
n0603,n0503,0.6672,35,D Lane
n0603,n0602,0.6640,35,7th Street
n0603,n0703,0.6672,35,D Lane
n0604,n0504,0.6672,35,E Lane
n0604,n0605,0.6640,35,7th Street
n0605,n0505,0.6672,60,F Boulevard
n0605,n0604,0.6640,35,7th Street
n0605,n0606,0.6640,35,7th Street
n0605,n0705,0.6672,60,F Boulevard
n0606,n0506,0.6672,35,G Lane
n0606,n0605,0.6640,35,7th Street
n0606,n0607,0.6640,35,7th Street
n0606,n0706,0.6672,35,G Lane
n0607,n0507,0.6672,35,H Lane
n0607,n0606,0.6640,35,7th Street
n0607,n0608,0.6640,35,7th Street
n0608,n0508,0.6672,35,I Lane
n0608,n0607,0.6640,35,7th Street
n0608,n0609,0.6640,35,7th Street
n0608,n0708,0.6672,35,I Lane
n0609,n0509,0.6672,35,J Lane
n0609,n0608,0.6640,35,7th Street
n0609,n0709,0.6672,35,J Lane
n0610,n0510,0.6672,60,K Boulevard
n0610,n0611,0.6640,35,7th Street
n0610,n0710,0.6672,60,K Boulevard
n0611,n0511,0.6672,35,L Lane
n0611,n0610,0.6640,35,7th Street
n0611,n0711,0.6672,35,L Lane
n0612,n0512,0.6672,35,M Lane
n0612,n0613,0.6640,35,7th Street
n0612,n0712,0.6672,35,M Lane
n0613,n0513,0.6672,35,N Lane
n0613,n0612,0.6640,35,7th Street
n0613,n0614,0.6640,35,7th Street
n0613,n0713,0.6672,35,N Lane
n0614,n0514,0.6672,35,O Lane
n0614,n0613,0.6640,35,7th Street
n0614,n0615,0.6640,35,7th Street
n0614,n0714,0.6672,35,O Lane
n0615,n0515,0.6672,60,P Boulevard
n0615,n0614,0.6640,35,7th Street
n0615,n0616,0.6640,35,7th Street
n0615,n0715,0.6672,60,P Boulevard
n0616,n0516,0.6672,35,Q Lane
n0616,n0615,0.6640,35,7th Street
n0616,n0617,0.6640,35,7th Street
n0616,n0716,0.6672,35,Q Lane
n0617,n0517,0.6672,35,R Lane
n0617,n0616,0.6640,35,7th Street
n0617,n0618,0.6640,35,7th Street
n0617,n0717,0.6672,35,R Lane
n0618,n0518,0.6672,35,S Lane
n0618,n0617,0.6640,35,7th Street
n0618,n0619,0.6640,35,7th Street
n0618,n0718,0.6672,35,S Lane
n0619,n0618,0.6640,35,7th Street
n0619,n0620,0.6640,35,7th Street
n0619,n0719,0.6672,35,T Lane
n0620,n0520,0.6672,60,U Boulevard
n0620,n0619,0.6640,35,7th Street
n0620,n0621,0.6640,35,7th Street
n0620,n0720,0.6672,60,U Boulevard
n0621,n0521,0.6672,35,V Lane
n0621,n0620,0.6640,35,7th Street
n0621,n0622,0.6640,35,7th Street
n0622,n0522,0.6672,35,W Lane
n0622,n0621,0.6640,35,7th Street
n0622,n0623,0.6640,35,7th Street
n0622,n0722,0.6672,35,W Lane
n0623,n0523,0.6672,35,X Lane
n0623,n0622,0.6640,35,7th Street
n0623,n0624,0.6640,35,7th Street
n0623,n0723,0.6672,35,X Lane
n0624,n0524,0.6672,35,Y Lane
n0624,n0623,0.6640,35,7th Street
n0624,n0625,0.6640,35,7th Street
n0624,n0724,0.6672,35,Y Lane
n0625,n0525,0.6672,60,Z Boulevard
n0625,n0624,0.6640,35,7th Street
n0625,n0725,0.6672,60,Z Boulevard
n0626,n0526,0.6672,35,AA Lane
n0626,n0627,0.6640,35,7th Street
n0626,n0726,0.6672,35,AA Lane
n0627,n0527,0.6672,35,AB Lane
n0627,n0626,0.6640,35,7th Street
n0627,n0628,0.6640,35,7th Street
n0627,n0727,0.6672,35,AB Lane
n0628,n0528,0.6672,35,AC Lane
n0628,n0627,0.6640,35,7th Street
n0628,n0629,0.6640,35,7th Street
n0628,n0728,0.6672,35,AC Lane
n0629,n0529,0.6672,35,AD Lane
n0629,n0628,0.6640,35,7th Street
n0629,n0630,0.6640,35,7th Street
n0629,n0729,0.6672,35,AD Lane
n0630,n0530,0.6672,60,AE Boulevard
n0630,n0629,0.6640,35,7th Street
n0630,n0631,0.6640,35,7th Street
n0630,n0730,0.6672,60,AE Boulevard
n0631,n0531,0.6672,35,AF Lane
n0631,n0630,0.6640,35,7th Street
n0631,n0632,0.6640,35,7th Street
n0631,n0731,0.6672,35,AF Lane
n0632,n0532,0.6672,35,AG Lane
n0632,n0631,0.6640,35,7th Street
n0632,n0633,0.6640,35,7th Street
n0632,n0732,0.6672,35,AG Lane
n0633,n0533,0.6672,35,AH Lane
n0633,n0632,0.6640,35,7th Street
n0633,n0634,0.6640,35,7th Street
n0633,n0733,0.6672,35,AH Lane
n0634,n0534,0.6672,35,AI Lane
n0634,n0633,0.6640,35,7th Street
n0634,n0635,0.6640,35,7th Street
n0634,n0734,0.6672,35,AI Lane
n0635,n0535,0.6672,60,AJ Boulevard
n0635,n0634,0.6640,35,7th Street
n0635,n0636,0.6640,35,7th Street
n0635,n0735,0.6672,60,AJ Boulevard
n0636,n0536,0.6672,35,AK Lane
n0636,n0635,0.6640,35,7th Street
n0636,n0637,0.6640,35,7th Street
n0636,n0736,0.6672,35,AK Lane
n0637,n0537,0.6672,35,AL Lane
n0637,n0636,0.6640,35,7th Street
n0637,n0638,0.6640,35,7th Street
n0637,n0737,0.6672,35,AL Lane
n0638,n0538,0.6672,35,AM Lane
n0638,n0637,0.6640,35,7th Street
n0638,n0639,0.6640,35,7th Street
n0638,n0738,0.6672,35,AM Lane
n0639,n0539,0.6672,35,AN Lane
n0639,n0638,0.6640,35,7th Street
n0639,n0739,0.6672,35,AN Lane
n0700,n0600,0.6672,60,A Boulevard
n0700,n0701,0.6639,35,8th Street
n0700,n0800,0.6672,60,A Boulevard
n0701,n0601,0.6672,35,B Lane
n0701,n0700,0.6639,35,8th Street
n0701,n0702,0.6639,35,8th Street
n0701,n0801,0.6672,35,B Lane
n0702,n0602,0.6672,35,C Lane
n0702,n0701,0.6639,35,8th Street
n0702,n0703,0.6639,35,8th Street
n0702,n0802,0.6672,35,C Lane
n0703,n0603,0.6672,35,D Lane
n0703,n0702,0.6639,35,8th Street
n0703,n0803,0.6672,35,D Lane
n0704,n0705,0.6639,35,8th Street
n0704,n0804,0.6672,35,E Lane
n0705,n0605,0.6672,60,F Boulevard
n0705,n0704,0.6639,35,8th Street
n0705,n0706,0.6639,35,8th Street
n0705,n0805,0.6672,60,F Boulevard
n0706,n0606,0.6672,35,G Lane
n0706,n0705,0.6639,35,8th Street
n0706,n0707,0.6639,35,8th Street
n0706,n0806,0.6672,35,G Lane
n0707,n0706,0.6639,35,8th Street
n0707,n0708,0.6639,35,8th Street
n0707,n0807,0.6672,35,H Lane
n0708,n0608,0.6672,35,I Lane
n0708,n0707,0.6639,35,8th Street
n0708,n0709,0.6639,35,8th Street
n0709,n0609,0.6672,35,J Lane
n0709,n0708,0.6639,35,8th Street
n0709,n0710,0.6639,35,8th Street
n0709,n0809,0.6672,35,J Lane
n0710,n0610,0.6672,60,K Boulevard
n0710,n0709,0.6639,35,8th Street
n0710,n0711,0.6639,35,8th Street
n0710,n0810,0.6672,60,K Boulevard
n0711,n0611,0.6672,35,L Lane
n0711,n0710,0.6639,35,8th Street
n0711,n0712,0.6639,35,8th Street
n0711,n0811,0.6672,35,L Lane
n0712,n0612,0.6672,35,M Lane
n0712,n0711,0.6639,35,8th Street
n0712,n0713,0.6639,35,8th Street
n0712,n0812,0.6672,35,M Lane
n0713,n0613,0.6672,35,N Lane
n0713,n0712,0.6639,35,8th Street
n0713,n0714,0.6639,35,8th Street
n0713,n0813,0.6672,35,N Lane
n0714,n0614,0.6672,35,O Lane
n0714,n0713,0.6639,35,8th Street
n0714,n0715,0.6639,35,8th Street
n0714,n0814,0.6672,35,O Lane
n0715,n0615,0.6672,60,P Boulevard
n0715,n0714,0.6639,35,8th Street
n0715,n0716,0.6639,35,8th Street
n0715,n0815,0.6672,60,P Boulevard
n0716,n0616,0.6672,35,Q Lane
n0716,n0715,0.6639,35,8th Street
n0716,n0717,0.6639,35,8th Street
n0716,n0816,0.6672,35,Q Lane
n0717,n0617,0.6672,35,R Lane
n0717,n0716,0.6639,35,8th Street
n0717,n0817,0.6672,35,R Lane
n0718,n0618,0.6672,35,S Lane
n0718,n0719,0.6639,35,8th Street
n0718,n0818,0.6672,35,S Lane
n0719,n0619,0.6672,35,T Lane
n0719,n0718,0.6639,35,8th Street
n0719,n0720,0.6639,35,8th Street
n0719,n0819,0.6672,35,T Lane
n0720,n0620,0.6672,60,U Boulevard
n0720,n0719,0.6639,35,8th Street
n0720,n0721,0.6639,35,8th Street
n0720,n0820,0.6672,60,U Boulevard
n0721,n0720,0.6639,35,8th Street
n0721,n0722,0.6639,35,8th Street
n0721,n0821,0.6672,35,V Lane
n0722,n0622,0.6672,35,W Lane
n0722,n0721,0.6639,35,8th Street
n0722,n0723,0.6639,35,8th Street
n0722,n0822,0.6672,35,W Lane
n0723,n0623,0.6672,35,X Lane
n0723,n0722,0.6639,35,8th Street
n0723,n0823,0.6672,35,X Lane
n0724,n0624,0.6672,35,Y Lane
n0724,n0725,0.6639,35,8th Street
n0724,n0824,0.6672,35,Y Lane
n0725,n0625,0.6672,60,Z Boulevard
n0725,n0724,0.6639,35,8th Street
n0725,n0726,0.6639,35,8th Street
n0725,n0825,0.6672,60,Z Boulevard
n0726,n0626,0.6672,35,AA Lane
n0726,n0725,0.6639,35,8th Street
n0726,n0727,0.6639,35,8th Street
n0726,n0826,0.6672,35,AA Lane
n0727,n0627,0.6672,35,AB Lane
n0727,n0726,0.6639,35,8th Street
n0727,n0827,0.6672,35,AB Lane
n0728,n0628,0.6672,35,AC Lane
n0728,n0729,0.6639,35,8th Street
n0728,n0828,0.6672,35,AC Lane
n0729,n0629,0.6672,35,AD Lane
n0729,n0728,0.6639,35,8th Street
n0729,n0730,0.6639,35,8th Street
n0729,n0829,0.6672,35,AD Lane
n0730,n0630,0.6672,60,AE Boulevard
n0730,n0729,0.6639,35,8th Street
n0730,n0731,0.6639,35,8th Street
n0730,n0830,0.6672,60,AE Boulevard
n0731,n0631,0.6672,35,AF Lane
n0731,n0730,0.6639,35,8th Street
n0731,n0831,0.6672,35,AF Lane
n0732,n0632,0.6672,35,AG Lane
n0732,n0733,0.6639,35,8th Street
n0732,n0832,0.6672,35,AG Lane
n0733,n0633,0.6672,35,AH Lane
n0733,n0732,0.6639,35,8th Street
n0733,n0734,0.6639,35,8th Street
n0733,n0833,0.6672,35,AH Lane
n0734,n0634,0.6672,35,AI Lane
n0734,n0733,0.6639,35,8th Street
n0734,n0735,0.6639,35,8th Street
n0734,n0834,0.6672,35,AI Lane
n0735,n0635,0.6672,60,AJ Boulevard
n0735,n0734,0.6639,35,8th Street
n0735,n0736,0.6639,35,8th Street
n0735,n0835,0.6672,60,AJ Boulevard
n0736,n0636,0.6672,35,AK Lane
n0736,n0735,0.6639,35,8th Street
n0736,n0737,0.6639,35,8th Street
n0736,n0836,0.6672,35,AK Lane
n0737,n0637,0.6672,35,AL Lane
n0737,n0736,0.6639,35,8th Street
n0737,n0738,0.6639,35,8th Street
n0737,n0837,0.6672,35,AL Lane
n0738,n0638,0.6672,35,AM Lane
n0738,n0737,0.6639,35,8th Street
n0738,n0739,0.6639,35,8th Street
n0738,n0838,0.6672,35,AM Lane
n0739,n0639,0.6672,35,AN Lane
n0739,n0738,0.6639,35,8th Street
n0739,n0839,0.6672,35,AN Lane
n0800,n0700,0.6672,60,A Boulevard
n0800,n0801,0.6639,35,9th Street
n0800,n0900,0.6672,60,A Boulevard
n0801,n0701,0.6672,35,B Lane
n0801,n0800,0.6639,35,9th Street
n0801,n0802,0.6639,35,9th Street
n0801,n0901,0.6672,35,B Lane
n0802,n0702,0.6672,35,C Lane
n0802,n0801,0.6639,35,9th Street
n0802,n0803,0.6639,35,9th Street
n0803,n0703,0.6672,35,D Lane
n0803,n0802,0.6639,35,9th Street
n0803,n0804,0.6639,35,9th Street
n0803,n0903,0.6672,35,D Lane
n0804,n0704,0.6672,35,E Lane
n0804,n0803,0.6639,35,9th Street
n0805,n0705,0.6672,60,F Boulevard
n0805,n0806,0.6639,35,9th Street
n0805,n0905,0.6672,60,F Boulevard
n0806,n0706,0.6672,35,G Lane
n0806,n0805,0.6639,35,9th Street
n0806,n0807,0.6639,35,9th Street
n0806,n0906,0.6672,35,G Lane
n0807,n0707,0.6672,35,H Lane
n0807,n0806,0.6639,35,9th Street
n0807,n0808,0.6639,35,9th Street
n0807,n0907,0.6672,35,H Lane
n0808,n0807,0.6639,35,9th Street
n0808,n0809,0.6639,35,9th Street
n0808,n0908,0.6672,35,I Lane
n0809,n0709,0.6672,35,J Lane
n0809,n0808,0.6639,35,9th Street
n0809,n0810,0.6639,35,9th Street
n0809,n0909,0.6672,35,J Lane
n0810,n0710,0.6672,60,K Boulevard
n0810,n0809,0.6639,35,9th Street
n0810,n0811,0.6639,35,9th Street
n0810,n0910,0.6672,60,K Boulevard
n0811,n0711,0.6672,35,L Lane
n0811,n0810,0.6639,35,9th Street
n0811,n0812,0.6639,35,9th Street
n0811,n0911,0.6672,35,L Lane
n0812,n0712,0.6672,35,M Lane
n0812,n0811,0.6639,35,9th Street
n0812,n0813,0.6639,35,9th Street
n0812,n0912,0.6672,35,M Lane
n0813,n0713,0.6672,35,N Lane
n0813,n0812,0.6639,35,9th Street
n0813,n0814,0.6639,35,9th Street
n0813,n0913,0.6672,35,N Lane
n0814,n0714,0.6672,35,O Lane
n0814,n0813,0.6639,35,9th Street
n0814,n0914,0.6672,35,O Lane
n0815,n0715,0.6672,60,P Boulevard
n0815,n0816,0.6639,35,9th Street
n0815,n0915,0.6672,60,P Boulevard
n0816,n0716,0.6672,35,Q Lane
n0816,n0815,0.6639,35,9th Street
n0816,n0817,0.6639,35,9th Street
n0816,n0916,0.6672,35,Q Lane
n0817,n0717,0.6672,35,R Lane
n0817,n0816,0.6639,35,9th Street
n0817,n0818,0.6639,35,9th Street
n0817,n0917,0.6672,35,R Lane
n0818,n0718,0.6672,35,S Lane
n0818,n0817,0.6639,35,9th Street
n0818,n0819,0.6639,35,9th Street
n0818,n0918,0.6672,35,S Lane
n0819,n0719,0.6672,35,T Lane
n0819,n0818,0.6639,35,9th Street
n0819,n0919,0.6672,35,T Lane
n0820,n0720,0.6672,60,U Boulevard
n0820,n0821,0.6639,35,9th Street
n0820,n0920,0.6672,60,U Boulevard
n0821,n0721,0.6672,35,V Lane
n0821,n0820,0.6639,35,9th Street
n0821,n0822,0.6639,35,9th Street
n0821,n0921,0.6672,35,V Lane
n0822,n0722,0.6672,35,W Lane
n0822,n0821,0.6639,35,9th Street
n0822,n0823,0.6639,35,9th Street
n0822,n0922,0.6672,35,W Lane
n0823,n0723,0.6672,35,X Lane
n0823,n0822,0.6639,35,9th Street
n0823,n0824,0.6639,35,9th Street
n0823,n0923,0.6672,35,X Lane
n0824,n0724,0.6672,35,Y Lane
n0824,n0823,0.6639,35,9th Street
n0824,n0825,0.6639,35,9th Street
n0824,n0924,0.6672,35,Y Lane
n0825,n0725,0.6672,60,Z Boulevard
n0825,n0824,0.6639,35,9th Street
n0825,n0826,0.6639,35,9th Street
n0825,n0925,0.6672,60,Z Boulevard
n0826,n0726,0.6672,35,AA Lane
n0826,n0825,0.6639,35,9th Street
n0826,n0827,0.6639,35,9th Street
n0826,n0926,0.6672,35,AA Lane
n0827,n0727,0.6672,35,AB Lane
n0827,n0826,0.6639,35,9th Street
n0827,n0828,0.6639,35,9th Street
n0828,n0728,0.6672,35,AC Lane
n0828,n0827,0.6639,35,9th Street
n0828,n0829,0.6639,35,9th Street
n0828,n0928,0.6672,35,AC Lane
n0829,n0729,0.6672,35,AD Lane
n0829,n0828,0.6639,35,9th Street
n0829,n0830,0.6639,35,9th Street
n0829,n0929,0.6672,35,AD Lane
n0830,n0730,0.6672,60,AE Boulevard
n0830,n0829,0.6639,35,9th Street
n0830,n0831,0.6639,35,9th Street
n0830,n0930,0.6672,60,AE Boulevard
n0831,n0731,0.6672,35,AF Lane
n0831,n0830,0.6639,35,9th Street
n0831,n0832,0.6639,35,9th Street
n0831,n0931,0.6672,35,AF Lane
n0832,n0732,0.6672,35,AG Lane
n0832,n0831,0.6639,35,9th Street
n0832,n0833,0.6639,35,9th Street
n0832,n0932,0.6672,35,AG Lane
n0833,n0733,0.6672,35,AH Lane
n0833,n0832,0.6639,35,9th Street
n0833,n0933,0.6672,35,AH Lane
n0834,n0734,0.6672,35,AI Lane
n0834,n0835,0.6639,35,9th Street
n0834,n0934,0.6672,35,AI Lane
n0835,n0735,0.6672,60,AJ Boulevard
n0835,n0834,0.6639,35,9th Street
n0835,n0836,0.6639,35,9th Street
n0835,n0935,0.6672,60,AJ Boulevard
n0836,n0736,0.6672,35,AK Lane
n0836,n0835,0.6639,35,9th Street
n0836,n0936,0.6672,35,AK Lane
n0837,n0737,0.6672,35,AL Lane
n0837,n0838,0.6639,35,9th Street
n0838,n0738,0.6672,35,AM Lane
n0838,n0837,0.6639,35,9th Street
n0838,n0839,0.6639,35,9th Street
n0838,n0938,0.6672,35,AM Lane
n0839,n0739,0.6672,35,AN Lane
n0839,n0838,0.6639,35,9th Street
n0839,n0939,0.6672,35,AN Lane
n0900,n0800,0.6672,60,A Boulevard
n0900,n0901,0.6639,35,10th Street
n0900,n1000,0.6672,60,A Boulevard
n0900,n1400,3.3359,100,Ring Motorway
n0900,n0400,3.3359,100,Ring Motorway
n0901,n0801,0.6672,35,B Lane
n0901,n0900,0.6639,35,10th Street
n0901,n0902,0.6639,35,10th Street
n0901,n1001,0.6672,35,B Lane
n0902,n0901,0.6639,35,10th Street
n0902,n0903,0.6639,35,10th Street
n0902,n1002,0.6672,35,C Lane
n0903,n0803,0.6672,35,D Lane
n0903,n0902,0.6639,35,10th Street
n0903,n0904,0.6639,35,10th Street
n0903,n1003,0.6672,35,D Lane
n0904,n0903,0.6639,35,10th Street
n0904,n0905,0.6639,35,10th Street
n0904,n1004,0.6672,35,E Lane
n0905,n0805,0.6672,60,F Boulevard
n0905,n0904,0.6639,35,10th Street
n0905,n0906,0.6639,35,10th Street
n0905,n1005,0.6672,60,F Boulevard
n0906,n0806,0.6672,35,G Lane
n0906,n0905,0.6639,35,10th Street
n0906,n0907,0.6639,35,10th Street
n0906,n1006,0.6672,35,G Lane
n0907,n0807,0.6672,35,H Lane
n0907,n0906,0.6639,35,10th Street
n0907,n0908,0.6639,35,10th Street
n0908,n0808,0.6672,35,I Lane
n0908,n0907,0.6639,35,10th Street
n0908,n0909,0.6639,35,10th Street
n0908,n1008,0.6672,35,I Lane
n0909,n0809,0.6672,35,J Lane
n0909,n0908,0.6639,35,10th Street
n0909,n0910,0.6639,35,10th Street
n0909,n1009,0.6672,35,J Lane
n0910,n0810,0.6672,60,K Boulevard
n0910,n0909,0.6639,35,10th Street
n0910,n0911,0.6639,35,10th Street
n0910,n1010,0.6672,60,K Boulevard
n0911,n0811,0.6672,35,L Lane
n0911,n0910,0.6639,35,10th Street
n0911,n1011,0.6672,35,L Lane
n0912,n0812,0.6672,35,M Lane
n0912,n0913,0.6639,35,10th Street
n0912,n1012,0.6672,35,M Lane
n0913,n0813,0.6672,35,N Lane
n0913,n0912,0.6639,35,10th Street
n0913,n0914,0.6639,35,10th Street
n0913,n1013,0.6672,35,N Lane
n0914,n0814,0.6672,35,O Lane
n0914,n0913,0.6639,35,10th Street
n0914,n0915,0.6639,35,10th Street
n0914,n1014,0.6672,35,O Lane
n0915,n0815,0.6672,60,P Boulevard
n0915,n0914,0.6639,35,10th Street
n0915,n0916,0.6639,35,10th Street
n0915,n1015,0.6672,60,P Boulevard
n0916,n0816,0.6672,35,Q Lane
n0916,n0915,0.6639,35,10th Street
n0916,n0917,0.6639,35,10th Street
n0916,n1016,0.6672,35,Q Lane
n0917,n0817,0.6672,35,R Lane
n0917,n0916,0.6639,35,10th Street
n0917,n0918,0.6639,35,10th Street
n0917,n1017,0.6672,35,R Lane
n0918,n0818,0.6672,35,S Lane
n0918,n0917,0.6639,35,10th Street
n0918,n0919,0.6639,35,10th Street
n0918,n1018,0.6672,35,S Lane
n0919,n0819,0.6672,35,T Lane
n0919,n0918,0.6639,35,10th Street
n0919,n0920,0.6639,35,10th Street
n0919,n1019,0.6672,35,T Lane
n0920,n0820,0.6672,60,U Boulevard
n0920,n0919,0.6639,35,10th Street
n0920,n0921,0.6639,35,10th Street
n0920,n1020,0.6672,60,U Boulevard
n0921,n0821,0.6672,35,V Lane
n0921,n0920,0.6639,35,10th Street
n0921,n0922,0.6639,35,10th Street
n0921,n1021,0.6672,35,V Lane
n0922,n0822,0.6672,35,W Lane
n0922,n0921,0.6639,35,10th Street
n0922,n0923,0.6639,35,10th Street
n0922,n1022,0.6672,35,W Lane
n0923,n0823,0.6672,35,X Lane
n0923,n0922,0.6639,35,10th Street
n0923,n0924,0.6639,35,10th Street
n0923,n1023,0.6672,35,X Lane
n0924,n0824,0.6672,35,Y Lane
n0924,n0923,0.6639,35,10th Street
n0924,n0925,0.6639,35,10th Street
n0924,n1024,0.6672,35,Y Lane
n0925,n0825,0.6672,60,Z Boulevard
n0925,n0924,0.6639,35,10th Street
n0925,n1025,0.6672,60,Z Boulevard
n0926,n0826,0.6672,35,AA Lane
n0926,n0927,0.6639,35,10th Street
n0926,n1026,0.6672,35,AA Lane
n0927,n0926,0.6639,35,10th Street
n0927,n0928,0.6639,35,10th Street
n0927,n1027,0.6672,35,AB Lane
n0928,n0828,0.6672,35,AC Lane
n0928,n0927,0.6639,35,10th Street
n0928,n0929,0.6639,35,10th Street
n0928,n1028,0.6672,35,AC Lane
n0929,n0829,0.6672,35,AD Lane
n0929,n0928,0.6639,35,10th Street
n0929,n0930,0.6639,35,10th Street
n0929,n1029,0.6672,35,AD Lane
n0930,n0830,0.6672,60,AE Boulevard
n0930,n0929,0.6639,35,10th Street
n0930,n0931,0.6639,35,10th Street
n0930,n1030,0.6672,60,AE Boulevard
n0931,n0831,0.6672,35,AF Lane
n0931,n0930,0.6639,35,10th Street
n0931,n0932,0.6639,35,10th Street
n0932,n0832,0.6672,35,AG Lane
n0932,n0931,0.6639,35,10th Street
n0932,n0933,0.6639,35,10th Street
n0932,n1032,0.6672,35,AG Lane
n0933,n0833,0.6672,35,AH Lane
n0933,n0932,0.6639,35,10th Street
n0933,n0934,0.6639,35,10th Street
n0933,n1033,0.6672,35,AH Lane
n0934,n0834,0.6672,35,AI Lane
n0934,n0933,0.6639,35,10th Street
n0934,n0935,0.6639,35,10th Street
n0934,n1034,0.6672,35,AI Lane
n0935,n0835,0.6672,60,AJ Boulevard
n0935,n0934,0.6639,35,10th Street
n0935,n0936,0.6639,35,10th Street
n0935,n1035,0.6672,60,AJ Boulevard
n0936,n0836,0.6672,35,AK Lane
n0936,n0935,0.6639,35,10th Street
n0936,n0937,0.6639,35,10th Street
n0936,n1036,0.6672,35,AK Lane
n0937,n0936,0.6639,35,10th Street
n0937,n0938,0.6639,35,10th Street
n0937,n1037,0.6672,35,AL Lane
n0938,n0838,0.6672,35,AM Lane
n0938,n0937,0.6639,35,10th Street
n0938,n0939,0.6639,35,10th Street
n0938,n1038,0.6672,35,AM Lane
n0939,n0839,0.6672,35,AN Lane
n0939,n0938,0.6639,35,10th Street
n0939,n1039,0.6672,35,AN Lane
n1000,n0900,0.6672,60,A Boulevard
n1000,n1001,0.6638,60,11th Avenue
n1000,n1100,0.6672,60,A Boulevard
n1001,n0901,0.6672,35,B Lane
n1001,n1000,0.6638,60,11th Avenue
n1001,n1002,0.6638,60,11th Avenue
n1001,n1101,0.6672,35,B Lane
n1002,n0902,0.6672,35,C Lane
n1002,n1001,0.6638,60,11th Avenue
n1002,n1003,0.6638,60,11th Avenue
n1002,n1102,0.6672,35,C Lane
n1003,n0903,0.6672,35,D Lane
n1003,n1002,0.6638,60,11th Avenue
n1003,n1004,0.6638,60,11th Avenue
n1003,n1103,0.6672,35,D Lane
n1004,n0904,0.6672,35,E Lane
n1004,n1003,0.6638,60,11th Avenue
n1004,n1005,0.6638,60,11th Avenue
n1004,n1104,0.6672,35,E Lane
n1005,n0905,0.6672,60,F Boulevard
n1005,n1004,0.6638,60,11th Avenue
n1005,n1006,0.6638,60,11th Avenue
n1005,n1105,0.6672,60,F Boulevard
n1006,n0906,0.6672,35,G Lane
n1006,n1005,0.6638,60,11th Avenue
n1006,n1007,0.6638,60,11th Avenue
n1006,n1106,0.6672,35,G Lane
n1007,n1006,0.6638,60,11th Avenue
n1007,n1008,0.6638,60,11th Avenue
n1007,n1107,0.6672,35,H Lane
n1008,n0908,0.6672,35,I Lane
n1008,n1007,0.6638,60,11th Avenue
n1008,n1009,0.6638,60,11th Avenue
n1008,n1108,0.6672,35,I Lane
n1009,n0909,0.6672,35,J Lane
n1009,n1008,0.6638,60,11th Avenue
n1009,n1010,0.6638,60,11th Avenue
n1009,n1109,0.6672,35,J Lane
n1010,n0910,0.6672,60,K Boulevard
n1010,n1009,0.6638,60,11th Avenue
n1010,n1011,0.6638,60,11th Avenue
n1010,n1110,0.6672,60,K Boulevard
n1011,n0911,0.6672,35,L Lane
n1011,n1010,0.6638,60,11th Avenue
n1011,n1012,0.6638,60,11th Avenue
n1011,n1111,0.6672,35,L Lane
n1012,n0912,0.6672,35,M Lane
n1012,n1011,0.6638,60,11th Avenue
n1012,n1013,0.6638,60,11th Avenue
n1012,n1112,0.6672,35,M Lane
n1013,n0913,0.6672,35,N Lane
n1013,n1012,0.6638,60,11th Avenue
n1013,n1014,0.6638,60,11th Avenue
n1013,n1113,0.6672,35,N Lane
n1014,n0914,0.6672,35,O Lane
n1014,n1013,0.6638,60,11th Avenue
n1014,n1015,0.6638,60,11th Avenue
n1014,n1114,0.6672,35,O Lane
n1015,n0915,0.6672,60,P Boulevard
n1015,n1014,0.6638,60,11th Avenue
n1015,n1016,0.6638,60,11th Avenue
n1015,n1115,0.6672,60,P Boulevard
n1016,n0916,0.6672,35,Q Lane
n1016,n1015,0.6638,60,11th Avenue
n1016,n1017,0.6638,60,11th Avenue
n1016,n1116,0.6672,35,Q Lane
n1017,n0917,0.6672,35,R Lane
n1017,n1016,0.6638,60,11th Avenue
n1017,n1018,0.6638,60,11th Avenue
n1017,n1117,0.6672,35,R Lane
n1018,n0918,0.6672,35,S Lane
n1018,n1017,0.6638,60,11th Avenue
n1018,n1019,0.6638,60,11th Avenue
n1018,n1118,0.6672,35,S Lane
n1019,n0919,0.6672,35,T Lane
n1019,n1018,0.6638,60,11th Avenue
n1019,n1020,0.6638,60,11th Avenue
n1019,n1119,0.6672,35,T Lane
n1020,n0920,0.6672,60,U Boulevard
n1020,n1019,0.6638,60,11th Avenue
n1020,n1021,0.6638,60,11th Avenue
n1020,n1120,0.6672,60,U Boulevard
n1021,n0921,0.6672,35,V Lane
n1021,n1020,0.6638,60,11th Avenue
n1021,n1022,0.6638,60,11th Avenue
n1021,n1121,0.6672,35,V Lane
n1022,n0922,0.6672,35,W Lane
n1022,n1021,0.6638,60,11th Avenue
n1022,n1023,0.6638,60,11th Avenue
n1022,n1122,0.6672,35,W Lane
n1023,n0923,0.6672,35,X Lane
n1023,n1022,0.6638,60,11th Avenue
n1023,n1024,0.6638,60,11th Avenue
n1023,n1123,0.6672,35,X Lane
n1024,n0924,0.6672,35,Y Lane
n1024,n1023,0.6638,60,11th Avenue
n1024,n1025,0.6638,60,11th Avenue
n1024,n1124,0.6672,35,Y Lane
n1025,n0925,0.6672,60,Z Boulevard
n1025,n1024,0.6638,60,11th Avenue
n1025,n1026,0.6638,60,11th Avenue
n1025,n1125,0.6672,60,Z Boulevard
n1026,n0926,0.6672,35,AA Lane
n1026,n1025,0.6638,60,11th Avenue
n1026,n1027,0.6638,60,11th Avenue
n1027,n0927,0.6672,35,AB Lane
n1027,n1026,0.6638,60,11th Avenue
n1027,n1028,0.6638,60,11th Avenue
n1027,n1127,0.6672,35,AB Lane
n1028,n0928,0.6672,35,AC Lane
n1028,n1027,0.6638,60,11th Avenue
n1028,n1029,0.6638,60,11th Avenue
n1028,n1128,0.6672,35,AC Lane
n1029,n0929,0.6672,35,AD Lane
n1029,n1028,0.6638,60,11th Avenue
n1029,n1030,0.6638,60,11th Avenue
n1029,n1129,0.6672,35,AD Lane
n1030,n0930,0.6672,60,AE Boulevard
n1030,n1029,0.6638,60,11th Avenue
n1030,n1031,0.6638,60,11th Avenue
n1030,n1130,0.6672,60,AE Boulevard
n1031,n1030,0.6638,60,11th Avenue
n1031,n1032,0.6638,60,11th Avenue
n1031,n1131,0.6672,35,AF Lane
n1032,n0932,0.6672,35,AG Lane
n1032,n1031,0.6638,60,11th Avenue
n1032,n1033,0.6638,60,11th Avenue
n1032,n1132,0.6672,35,AG Lane
n1033,n0933,0.6672,35,AH Lane
n1033,n1032,0.6638,60,11th Avenue
n1033,n1034,0.6638,60,11th Avenue
n1033,n1133,0.6672,35,AH Lane
n1034,n0934,0.6672,35,AI Lane
n1034,n1033,0.6638,60,11th Avenue
n1034,n1035,0.6638,60,11th Avenue
n1034,n1134,0.6672,35,AI Lane
n1035,n0935,0.6672,60,AJ Boulevard
n1035,n1034,0.6638,60,11th Avenue
n1035,n1036,0.6638,60,11th Avenue
n1035,n1135,0.6672,60,AJ Boulevard
n1036,n0936,0.6672,35,AK Lane
n1036,n1035,0.6638,60,11th Avenue
n1036,n1037,0.6638,60,11th Avenue
n1036,n1136,0.6672,35,AK Lane
n1037,n0937,0.6672,35,AL Lane
n1037,n1036,0.6638,60,11th Avenue
n1037,n1038,0.6638,60,11th Avenue
n1037,n1137,0.6672,35,AL Lane
n1038,n0938,0.6672,35,AM Lane
n1038,n1037,0.6638,60,11th Avenue
n1038,n1039,0.6638,60,11th Avenue
n1038,n1138,0.6672,35,AM Lane
n1039,n0939,0.6672,35,AN Lane
n1039,n1038,0.6638,60,11th Avenue
n1039,n1139,0.6672,35,AN Lane
n1039,n0539,3.3359,100,Ring Motorway
n1039,n1539,3.3359,100,Ring Motorway
n1100,n1000,0.6672,60,A Boulevard
n1100,n1200,0.6672,60,A Boulevard
n1101,n1001,0.6672,35,B Lane
n1101,n1102,0.6638,35,12th Street
n1101,n1201,0.6672,35,B Lane
n1102,n1002,0.6672,35,C Lane
n1102,n1101,0.6638,35,12th Street
n1102,n1202,0.6672,35,C Lane
n1103,n1003,0.6672,35,D Lane
n1103,n1104,0.6638,35,12th Street
n1103,n1203,0.6672,35,D Lane
n1104,n1004,0.6672,35,E Lane
n1104,n1103,0.6638,35,12th Street
n1104,n1105,0.6638,35,12th Street
n1104,n1204,0.6672,35,E Lane
n1105,n1005,0.6672,60,F Boulevard
n1105,n1104,0.6638,35,12th Street
n1105,n1106,0.6638,35,12th Street
n1105,n1205,0.6672,60,F Boulevard
n1106,n1006,0.6672,35,G Lane
n1106,n1105,0.6638,35,12th Street
n1106,n1107,0.6638,35,12th Street
n1106,n1206,0.6672,35,G Lane
n1107,n1007,0.6672,35,H Lane
n1107,n1106,0.6638,35,12th Street
n1107,n1108,0.6638,35,12th Street
n1107,n1207,0.6672,35,H Lane
n1108,n1008,0.6672,35,I Lane
n1108,n1107,0.6638,35,12th Street
n1108,n1109,0.6638,35,12th Street
n1108,n1208,0.6672,35,I Lane
n1109,n1009,0.6672,35,J Lane
n1109,n1108,0.6638,35,12th Street
n1109,n1209,0.6672,35,J Lane
n1110,n1010,0.6672,60,K Boulevard
n1110,n1111,0.6638,35,12th Street
n1110,n1210,0.6672,60,K Boulevard
n1111,n1011,0.6672,35,L Lane
n1111,n1110,0.6638,35,12th Street
n1111,n1211,0.6672,35,L Lane
n1112,n1012,0.6672,35,M Lane
n1112,n1113,0.6638,35,12th Street
n1112,n1212,0.6672,35,M Lane
n1113,n1013,0.6672,35,N Lane
n1113,n1112,0.6638,35,12th Street
n1113,n1114,0.6638,35,12th Street
n1113,n1213,0.6672,35,N Lane
n1114,n1014,0.6672,35,O Lane
n1114,n1113,0.6638,35,12th Street
n1114,n1115,0.6638,35,12th Street
n1114,n1214,0.6672,35,O Lane
n1115,n1015,0.6672,60,P Boulevard
n1115,n1114,0.6638,35,12th Street
n1115,n1116,0.6638,35,12th Street
n1115,n1215,0.6672,60,P Boulevard
n1116,n1016,0.6672,35,Q Lane
n1116,n1115,0.6638,35,12th Street
n1116,n1117,0.6638,35,12th Street
n1116,n1216,0.6672,35,Q Lane
n1117,n1017,0.6672,35,R Lane
n1117,n1116,0.6638,35,12th Street
n1117,n1118,0.6638,35,12th Street
n1117,n1217,0.6672,35,R Lane
n1118,n1018,0.6672,35,S Lane
n1118,n1117,0.6638,35,12th Street
n1118,n1218,0.6672,35,S Lane
n1119,n1019,0.6672,35,T Lane
n1119,n1120,0.6638,35,12th Street
n1119,n1219,0.6672,35,T Lane
n1120,n1020,0.6672,60,U Boulevard
n1120,n1119,0.6638,35,12th Street
n1120,n1121,0.6638,35,12th Street
n1120,n1220,0.6672,60,U Boulevard
n1121,n1021,0.6672,35,V Lane
n1121,n1120,0.6638,35,12th Street
n1121,n1122,0.6638,35,12th Street
n1121,n1221,0.6672,35,V Lane
n1122,n1022,0.6672,35,W Lane
n1122,n1121,0.6638,35,12th Street
n1122,n1123,0.6638,35,12th Street
n1122,n1222,0.6672,35,W Lane
n1123,n1023,0.6672,35,X Lane
n1123,n1122,0.6638,35,12th Street
n1123,n1124,0.6638,35,12th Street
n1123,n1223,0.6672,35,X Lane
n1124,n1024,0.6672,35,Y Lane
n1124,n1123,0.6638,35,12th Street
n1124,n1125,0.6638,35,12th Street
n1124,n1224,0.6672,35,Y Lane
n1125,n1025,0.6672,60,Z Boulevard
n1125,n1124,0.6638,35,12th Street
n1125,n1126,0.6638,35,12th Street
n1125,n1225,0.6672,60,Z Boulevard
n1126,n1125,0.6638,35,12th Street
n1126,n1127,0.6638,35,12th Street
n1126,n1226,0.6672,35,AA Lane
n1127,n1027,0.6672,35,AB Lane
n1127,n1126,0.6638,35,12th Street
n1127,n1128,0.6638,35,12th Street
n1127,n1227,0.6672,35,AB Lane
n1128,n1028,0.6672,35,AC Lane
n1128,n1127,0.6638,35,12th Street
n1128,n1129,0.6638,35,12th Street
n1128,n1228,0.6672,35,AC Lane
n1129,n1029,0.6672,35,AD Lane
n1129,n1128,0.6638,35,12th Street
n1129,n1130,0.6638,35,12th Street
n1130,n1030,0.6672,60,AE Boulevard
n1130,n1129,0.6638,35,12th Street
n1130,n1131,0.6638,35,12th Street
n1130,n1230,0.6672,60,AE Boulevard
n1131,n1031,0.6672,35,AF Lane
n1131,n1130,0.6638,35,12th Street
n1131,n1132,0.6638,35,12th Street
n1131,n1231,0.6672,35,AF Lane
n1132,n1032,0.6672,35,AG Lane
n1132,n1131,0.6638,35,12th Street
n1132,n1133,0.6638,35,12th Street
n1132,n1232,0.6672,35,AG Lane
n1133,n1033,0.6672,35,AH Lane
n1133,n1132,0.6638,35,12th Street
n1133,n1233,0.6672,35,AH Lane
n1134,n1034,0.6672,35,AI Lane
n1134,n1135,0.6638,35,12th Street
n1135,n1035,0.6672,60,AJ Boulevard
n1135,n1134,0.6638,35,12th Street
n1135,n1136,0.6638,35,12th Street
n1135,n1235,0.6672,60,AJ Boulevard
n1136,n1036,0.6672,35,AK Lane
n1136,n1135,0.6638,35,12th Street
n1136,n1137,0.6638,35,12th Street
n1136,n1236,0.6672,35,AK Lane
n1137,n1037,0.6672,35,AL Lane
n1137,n1136,0.6638,35,12th Street
n1137,n1138,0.6638,35,12th Street
n1137,n1237,0.6672,35,AL Lane
n1138,n1038,0.6672,35,AM Lane
n1138,n1137,0.6638,35,12th Street
n1138,n1139,0.6638,35,12th Street
n1138,n1238,0.6672,35,AM Lane
n1139,n1039,0.6672,35,AN Lane
n1139,n1138,0.6638,35,12th Street
n1139,n1239,0.6672,35,AN Lane
n1200,n1100,0.6672,60,A Boulevard
n1200,n1201,0.6637,35,13th Street
n1200,n1300,0.6672,60,A Boulevard
n1201,n1101,0.6672,35,B Lane
n1201,n1200,0.6637,35,13th Street
n1201,n1202,0.6637,35,13th Street
n1201,n1301,0.6672,35,B Lane
n1202,n1102,0.6672,35,C Lane
n1202,n1201,0.6637,35,13th Street
n1202,n1203,0.6637,35,13th Street
n1203,n1103,0.6672,35,D Lane
n1203,n1202,0.6637,35,13th Street
n1203,n1204,0.6637,35,13th Street
n1203,n1303,0.6672,35,D Lane
n1204,n1104,0.6672,35,E Lane
n1204,n1203,0.6637,35,13th Street
n1204,n1205,0.6637,35,13th Street
n1204,n1304,0.6672,35,E Lane
n1205,n1105,0.6672,60,F Boulevard
n1205,n1204,0.6637,35,13th Street
n1205,n1206,0.6637,35,13th Street
n1205,n1305,0.6672,60,F Boulevard
n1206,n1106,0.6672,35,G Lane
n1206,n1205,0.6637,35,13th Street
n1206,n1207,0.6637,35,13th Street
n1206,n1306,0.6672,35,G Lane
n1207,n1107,0.6672,35,H Lane
n1207,n1206,0.6637,35,13th Street
n1207,n1208,0.6637,35,13th Street
n1207,n1307,0.6672,35,H Lane
n1208,n1108,0.6672,35,I Lane
n1208,n1207,0.6637,35,13th Street
n1208,n1209,0.6637,35,13th Street
n1208,n1308,0.6672,35,I Lane
n1209,n1109,0.6672,35,J Lane
n1209,n1208,0.6637,35,13th Street
n1209,n1210,0.6637,35,13th Street
n1209,n1309,0.6672,35,J Lane
n1210,n1110,0.6672,60,K Boulevard
n1210,n1209,0.6637,35,13th Street
n1210,n1211,0.6637,35,13th Street
n1210,n1310,0.6672,60,K Boulevard
n1211,n1111,0.6672,35,L Lane
n1211,n1210,0.6637,35,13th Street
n1211,n1212,0.6637,35,13th Street
n1211,n1311,0.6672,35,L Lane
n1212,n1112,0.6672,35,M Lane
n1212,n1211,0.6637,35,13th Street
n1212,n1213,0.6637,35,13th Street
n1212,n1312,0.6672,35,M Lane
n1213,n1113,0.6672,35,N Lane
n1213,n1212,0.6637,35,13th Street
n1213,n1214,0.6637,35,13th Street
n1213,n1313,0.6672,35,N Lane
n1214,n1114,0.6672,35,O Lane
n1214,n1213,0.6637,35,13th Street
n1214,n1215,0.6637,35,13th Street
n1214,n1314,0.6672,35,O Lane
n1215,n1115,0.6672,60,P Boulevard
n1215,n1214,0.6637,35,13th Street
n1215,n1216,0.6637,35,13th Street
n1215,n1315,0.6672,60,P Boulevard
n1216,n1116,0.6672,35,Q Lane
n1216,n1215,0.6637,35,13th Street
n1216,n1217,0.6637,35,13th Street
n1216,n1316,0.6672,35,Q Lane
n1217,n1117,0.6672,35,R Lane
n1217,n1216,0.6637,35,13th Street
n1217,n1218,0.6637,35,13th Street
n1218,n1118,0.6672,35,S Lane
n1218,n1217,0.6637,35,13th Street
n1218,n1219,0.6637,35,13th Street
n1218,n1318,0.6672,35,S Lane
n1219,n1119,0.6672,35,T Lane
n1219,n1218,0.6637,35,13th Street
n1219,n1220,0.6637,35,13th Street
n1219,n1319,0.6672,35,T Lane
n1220,n1120,0.6672,60,U Boulevard
n1220,n1219,0.6637,35,13th Street
n1220,n1221,0.6637,35,13th Street
n1220,n1320,0.6672,60,U Boulevard
n1221,n1121,0.6672,35,V Lane
n1221,n1220,0.6637,35,13th Street
n1221,n1222,0.6637,35,13th Street
n1221,n1321,0.6672,35,V Lane
n1222,n1122,0.6672,35,W Lane
n1222,n1221,0.6637,35,13th Street
n1222,n1223,0.6637,35,13th Street
n1222,n1322,0.6672,35,W Lane
n1223,n1123,0.6672,35,X Lane
n1223,n1222,0.6637,35,13th Street
n1223,n1323,0.6672,35,X Lane
n1224,n1124,0.6672,35,Y Lane
n1224,n1225,0.6637,35,13th Street
n1224,n1324,0.6672,35,Y Lane
n1225,n1125,0.6672,60,Z Boulevard
n1225,n1224,0.6637,35,13th Street
n1225,n1226,0.6637,35,13th Street
n1225,n1325,0.6672,60,Z Boulevard
n1226,n1126,0.6672,35,AA Lane
n1226,n1225,0.6637,35,13th Street
n1226,n1227,0.6637,35,13th Street
n1226,n1326,0.6672,35,AA Lane
n1227,n1127,0.6672,35,AB Lane
n1227,n1226,0.6637,35,13th Street
n1227,n1228,0.6637,35,13th Street
n1227,n1327,0.6672,35,AB Lane
n1228,n1128,0.6672,35,AC Lane
n1228,n1227,0.6637,35,13th Street
n1228,n1229,0.6637,35,13th Street
n1228,n1328,0.6672,35,AC Lane
n1229,n1228,0.6637,35,13th Street
n1229,n1230,0.6637,35,13th Street
n1229,n1329,0.6672,35,AD Lane
n1230,n1130,0.6672,60,AE Boulevard
n1230,n1229,0.6637,35,13th Street
n1230,n1231,0.6637,35,13th Street
n1230,n1330,0.6672,60,AE Boulevard
n1231,n1131,0.6672,35,AF Lane
n1231,n1230,0.6637,35,13th Street
n1231,n1232,0.6637,35,13th Street
n1231,n1331,0.6672,35,AF Lane
n1232,n1132,0.6672,35,AG Lane
n1232,n1231,0.6637,35,13th Street
n1232,n1233,0.6637,35,13th Street
n1232,n1332,0.6672,35,AG Lane
n1233,n1133,0.6672,35,AH Lane
n1233,n1232,0.6637,35,13th Street
n1233,n1234,0.6637,35,13th Street
n1233,n1333,0.6672,35,AH Lane
n1234,n1233,0.6637,35,13th Street
n1234,n1235,0.6637,35,13th Street
n1234,n1334,0.6672,35,AI Lane
n1235,n1135,0.6672,60,AJ Boulevard
n1235,n1234,0.6637,35,13th Street
n1235,n1236,0.6637,35,13th Street
n1235,n1335,0.6672,60,AJ Boulevard
n1236,n1136,0.6672,35,AK Lane
n1236,n1235,0.6637,35,13th Street
n1236,n1237,0.6637,35,13th Street
n1236,n1336,0.6672,35,AK Lane
n1237,n1137,0.6672,35,AL Lane
n1237,n1236,0.6637,35,13th Street
n1237,n1238,0.6637,35,13th Street
n1237,n1337,0.6672,35,AL Lane
n1238,n1138,0.6672,35,AM Lane
n1238,n1237,0.6637,35,13th Street
n1238,n1338,0.6672,35,AM Lane
n1239,n1139,0.6672,35,AN Lane
n1239,n1339,0.6672,35,AN Lane
n1300,n1200,0.6672,60,A Boulevard
n1300,n1301,0.6637,35,14th Street
n1300,n1400,0.6672,60,A Boulevard
n1301,n1201,0.6672,35,B Lane
n1301,n1300,0.6637,35,14th Street
n1301,n1302,0.6637,35,14th Street
n1302,n1301,0.6637,35,14th Street
n1302,n1303,0.6637,35,14th Street
n1302,n1402,0.6672,35,C Lane
n1303,n1203,0.6672,35,D Lane
n1303,n1302,0.6637,35,14th Street
n1303,n1304,0.6637,35,14th Street
n1304,n1204,0.6672,35,E Lane
n1304,n1303,0.6637,35,14th Street
n1304,n1305,0.6637,35,14th Street
n1304,n1404,0.6672,35,E Lane
n1305,n1205,0.6672,60,F Boulevard
n1305,n1304,0.6637,35,14th Street
n1305,n1306,0.6637,35,14th Street
n1305,n1405,0.6672,60,F Boulevard
n1306,n1206,0.6672,35,G Lane
n1306,n1305,0.6637,35,14th Street
n1306,n1307,0.6637,35,14th Street
n1306,n1406,0.6672,35,G Lane
n1307,n1207,0.6672,35,H Lane
n1307,n1306,0.6637,35,14th Street
n1307,n1308,0.6637,35,14th Street
n1307,n1407,0.6672,35,H Lane
n1308,n1208,0.6672,35,I Lane
n1308,n1307,0.6637,35,14th Street
n1308,n1309,0.6637,35,14th Street
n1308,n1408,0.6672,35,I Lane
n1309,n1209,0.6672,35,J Lane
n1309,n1308,0.6637,35,14th Street
n1309,n1310,0.6637,35,14th Street
n1309,n1409,0.6672,35,J Lane
n1310,n1210,0.6672,60,K Boulevard
n1310,n1309,0.6637,35,14th Street
n1310,n1311,0.6637,35,14th Street
n1310,n1410,0.6672,60,K Boulevard
n1311,n1211,0.6672,35,L Lane
n1311,n1310,0.6637,35,14th Street
n1311,n1312,0.6637,35,14th Street
n1311,n1411,0.6672,35,L Lane
n1312,n1212,0.6672,35,M Lane
n1312,n1311,0.6637,35,14th Street
n1312,n1313,0.6637,35,14th Street
n1312,n1412,0.6672,35,M Lane
n1313,n1213,0.6672,35,N Lane
n1313,n1312,0.6637,35,14th Street
n1313,n1314,0.6637,35,14th Street
n1313,n1413,0.6672,35,N Lane
n1314,n1214,0.6672,35,O Lane
n1314,n1313,0.6637,35,14th Street
n1314,n1315,0.6637,35,14th Street
n1314,n1414,0.6672,35,O Lane
n1315,n1215,0.6672,60,P Boulevard
n1315,n1314,0.6637,35,14th Street
n1315,n1316,0.6637,35,14th Street
n1315,n1415,0.6672,60,P Boulevard
n1316,n1216,0.6672,35,Q Lane
n1316,n1315,0.6637,35,14th Street
n1316,n1317,0.6637,35,14th Street
n1316,n1416,0.6672,35,Q Lane
n1317,n1316,0.6637,35,14th Street
n1317,n1417,0.6672,35,R Lane
n1318,n1218,0.6672,35,S Lane
n1318,n1319,0.6637,35,14th Street
n1318,n1418,0.6672,35,S Lane
n1319,n1219,0.6672,35,T Lane
n1319,n1318,0.6637,35,14th Street
n1320,n1220,0.6672,60,U Boulevard
n1320,n1321,0.6637,35,14th Street
n1320,n1420,0.6672,60,U Boulevard
n1321,n1221,0.6672,35,V Lane
n1321,n1320,0.6637,35,14th Street
n1321,n1322,0.6637,35,14th Street
n1321,n1421,0.6672,35,V Lane
n1322,n1222,0.6672,35,W Lane
n1322,n1321,0.6637,35,14th Street
n1322,n1323,0.6637,35,14th Street
n1323,n1223,0.6672,35,X Lane
n1323,n1322,0.6637,35,14th Street
n1323,n1324,0.6637,35,14th Street
n1323,n1423,0.6672,35,X Lane
n1324,n1224,0.6672,35,Y Lane
n1324,n1323,0.6637,35,14th Street
n1324,n1325,0.6637,35,14th Street
n1325,n1225,0.6672,60,Z Boulevard
n1325,n1324,0.6637,35,14th Street
n1325,n1326,0.6637,35,14th Street
n1325,n1425,0.6672,60,Z Boulevard
n1326,n1226,0.6672,35,AA Lane
n1326,n1325,0.6637,35,14th Street
n1326,n1426,0.6672,35,AA Lane
n1327,n1227,0.6672,35,AB Lane
n1327,n1328,0.6637,35,14th Street
n1328,n1228,0.6672,35,AC Lane
n1328,n1327,0.6637,35,14th Street
n1328,n1329,0.6637,35,14th Street
n1328,n1428,0.6672,35,AC Lane
n1329,n1229,0.6672,35,AD Lane
n1329,n1328,0.6637,35,14th Street
n1329,n1330,0.6637,35,14th Street
n1329,n1429,0.6672,35,AD Lane
n1330,n1230,0.6672,60,AE Boulevard
n1330,n1329,0.6637,35,14th Street
n1330,n1331,0.6637,35,14th Street
n1330,n1430,0.6672,60,AE Boulevard
n1331,n1231,0.6672,35,AF Lane
n1331,n1330,0.6637,35,14th Street
n1331,n1332,0.6637,35,14th Street
n1331,n1431,0.6672,35,AF Lane
n1332,n1232,0.6672,35,AG Lane
n1332,n1331,0.6637,35,14th Street
n1332,n1432,0.6672,35,AG Lane
n1333,n1233,0.6672,35,AH Lane
n1333,n1334,0.6637,35,14th Street
n1333,n1433,0.6672,35,AH Lane
n1334,n1234,0.6672,35,AI Lane
n1334,n1333,0.6637,35,14th Street
n1335,n1235,0.6672,60,AJ Boulevard
n1335,n1336,0.6637,35,14th Street
n1335,n1435,0.6672,60,AJ Boulevard
n1336,n1236,0.6672,35,AK Lane
n1336,n1335,0.6637,35,14th Street
n1336,n1337,0.6637,35,14th Street
n1336,n1436,0.6672,35,AK Lane
n1337,n1237,0.6672,35,AL Lane
n1337,n1336,0.6637,35,14th Street
n1337,n1338,0.6637,35,14th Street
n1337,n1437,0.6672,35,AL Lane
n1338,n1238,0.6672,35,AM Lane
n1338,n1337,0.6637,35,14th Street
n1338,n1339,0.6637,35,14th Street
n1338,n1438,0.6672,35,AM Lane
n1339,n1239,0.6672,35,AN Lane
n1339,n1338,0.6637,35,14th Street
n1339,n1439,0.6672,35,AN Lane
n1400,n1300,0.6672,60,A Boulevard
n1400,n1401,0.6636,35,15th Street
n1400,n1500,0.6672,60,A Boulevard
n1400,n1900,3.3359,100,Ring Motorway
n1400,n0900,3.3359,100,Ring Motorway
n1401,n1400,0.6636,35,15th Street
n1401,n1402,0.6636,35,15th Street
n1401,n1501,0.6672,35,B Lane
n1402,n1302,0.6672,35,C Lane
n1402,n1401,0.6636,35,15th Street
n1402,n1403,0.6636,35,15th Street
n1402,n1502,0.6672,35,C Lane
n1403,n1402,0.6636,35,15th Street
n1403,n1503,0.6672,35,D Lane
n1404,n1304,0.6672,35,E Lane
n1404,n1405,0.6636,35,15th Street
n1404,n1504,0.6672,35,E Lane
n1405,n1305,0.6672,60,F Boulevard
n1405,n1404,0.6636,35,15th Street
n1405,n1406,0.6636,35,15th Street
n1405,n1505,0.6672,60,F Boulevard
n1406,n1306,0.6672,35,G Lane
n1406,n1405,0.6636,35,15th Street
n1406,n1407,0.6636,35,15th Street
n1406,n1506,0.6672,35,G Lane
n1407,n1307,0.6672,35,H Lane
n1407,n1406,0.6636,35,15th Street
n1407,n1408,0.6636,35,15th Street
n1407,n1507,0.6672,35,H Lane
n1408,n1308,0.6672,35,I Lane
n1408,n1407,0.6636,35,15th Street
n1408,n1508,0.6672,35,I Lane
n1409,n1309,0.6672,35,J Lane
n1409,n1410,0.6636,35,15th Street
n1409,n1509,0.6672,35,J Lane
n1410,n1310,0.6672,60,K Boulevard
n1410,n1409,0.6636,35,15th Street
n1410,n1411,0.6636,35,15th Street
n1410,n1510,0.6672,60,K Boulevard
n1411,n1311,0.6672,35,L Lane
n1411,n1410,0.6636,35,15th Street
n1411,n1412,0.6636,35,15th Street
n1411,n1511,0.6672,35,L Lane
n1412,n1312,0.6672,35,M Lane
n1412,n1411,0.6636,35,15th Street
n1412,n1413,0.6636,35,15th Street
n1412,n1512,0.6672,35,M Lane
n1413,n1313,0.6672,35,N Lane
n1413,n1412,0.6636,35,15th Street
n1413,n1414,0.6636,35,15th Street
n1413,n1513,0.6672,35,N Lane
n1414,n1314,0.6672,35,O Lane
n1414,n1413,0.6636,35,15th Street
n1414,n1415,0.6636,35,15th Street
n1414,n1514,0.6672,35,O Lane
n1415,n1315,0.6672,60,P Boulevard
n1415,n1414,0.6636,35,15th Street
n1415,n1416,0.6636,35,15th Street
n1415,n1515,0.6672,60,P Boulevard
n1416,n1316,0.6672,35,Q Lane
n1416,n1415,0.6636,35,15th Street
n1416,n1516,0.6672,35,Q Lane
n1417,n1317,0.6672,35,R Lane
n1417,n1418,0.6636,35,15th Street
n1417,n1517,0.6672,35,R Lane
n1418,n1318,0.6672,35,S Lane
n1418,n1417,0.6636,35,15th Street
n1418,n1419,0.6636,35,15th Street
n1418,n1518,0.6672,35,S Lane
n1419,n1418,0.6636,35,15th Street
n1419,n1420,0.6636,35,15th Street
n1419,n1519,0.6672,35,T Lane
n1420,n1320,0.6672,60,U Boulevard
n1420,n1419,0.6636,35,15th Street
n1420,n1421,0.6636,35,15th Street
n1420,n1520,0.6672,60,U Boulevard
n1421,n1321,0.6672,35,V Lane
n1421,n1420,0.6636,35,15th Street
n1421,n1422,0.6636,35,15th Street
n1421,n1521,0.6672,35,V Lane
n1422,n1421,0.6636,35,15th Street
n1422,n1423,0.6636,35,15th Street
n1422,n1522,0.6672,35,W Lane
n1423,n1323,0.6672,35,X Lane
n1423,n1422,0.6636,35,15th Street
n1423,n1424,0.6636,35,15th Street
n1423,n1523,0.6672,35,X Lane
n1424,n1423,0.6636,35,15th Street
n1424,n1425,0.6636,35,15th Street
n1425,n1325,0.6672,60,Z Boulevard
n1425,n1424,0.6636,35,15th Street
n1425,n1426,0.6636,35,15th Street
n1425,n1525,0.6672,60,Z Boulevard
n1426,n1326,0.6672,35,AA Lane
n1426,n1425,0.6636,35,15th Street
n1426,n1526,0.6672,35,AA Lane
n1427,n1428,0.6636,35,15th Street
n1427,n1527,0.6672,35,AB Lane
n1428,n1328,0.6672,35,AC Lane
n1428,n1427,0.6636,35,15th Street
n1428,n1429,0.6636,35,15th Street
n1429,n1329,0.6672,35,AD Lane
n1429,n1428,0.6636,35,15th Street
n1429,n1430,0.6636,35,15th Street
n1429,n1529,0.6672,35,AD Lane
n1430,n1330,0.6672,60,AE Boulevard
n1430,n1429,0.6636,35,15th Street
n1430,n1431,0.6636,35,15th Street
n1430,n1530,0.6672,60,AE Boulevard
n1431,n1331,0.6672,35,AF Lane
n1431,n1430,0.6636,35,15th Street
n1431,n1432,0.6636,35,15th Street
n1431,n1531,0.6672,35,AF Lane
n1432,n1332,0.6672,35,AG Lane
n1432,n1431,0.6636,35,15th Street
n1432,n1433,0.6636,35,15th Street
n1432,n1532,0.6672,35,AG Lane
n1433,n1333,0.6672,35,AH Lane
n1433,n1432,0.6636,35,15th Street
n1433,n1434,0.6636,35,15th Street
n1433,n1533,0.6672,35,AH Lane
n1434,n1433,0.6636,35,15th Street
n1434,n1435,0.6636,35,15th Street
n1434,n1534,0.6672,35,AI Lane
n1435,n1335,0.6672,60,AJ Boulevard
n1435,n1434,0.6636,35,15th Street
n1435,n1436,0.6636,35,15th Street
n1435,n1535,0.6672,60,AJ Boulevard
n1436,n1336,0.6672,35,AK Lane
n1436,n1435,0.6636,35,15th Street
n1436,n1437,0.6636,35,15th Street
n1436,n1536,0.6672,35,AK Lane
n1437,n1337,0.6672,35,AL Lane
n1437,n1436,0.6636,35,15th Street
n1437,n1438,0.6636,35,15th Street
n1437,n1537,0.6672,35,AL Lane
n1438,n1338,0.6672,35,AM Lane
n1438,n1437,0.6636,35,15th Street
n1438,n1439,0.6636,35,15th Street
n1438,n1538,0.6672,35,AM Lane
n1439,n1339,0.6672,35,AN Lane
n1439,n1438,0.6636,35,15th Street
n1439,n1539,0.6672,35,AN Lane
n1500,n1400,0.6672,60,A Boulevard
n1500,n1501,0.6636,60,16th Avenue
n1500,n1600,0.6672,60,A Boulevard
n1501,n1401,0.6672,35,B Lane
n1501,n1500,0.6636,60,16th Avenue
n1501,n1502,0.6636,60,16th Avenue
n1501,n1601,0.6672,35,B Lane
n1502,n1402,0.6672,35,C Lane
n1502,n1501,0.6636,60,16th Avenue
n1502,n1503,0.6636,60,16th Avenue
n1502,n1602,0.6672,35,C Lane
n1503,n1403,0.6672,35,D Lane
n1503,n1502,0.6636,60,16th Avenue
n1503,n1504,0.6636,60,16th Avenue
n1503,n1603,0.6672,35,D Lane
n1504,n1404,0.6672,35,E Lane
n1504,n1503,0.6636,60,16th Avenue
n1504,n1505,0.6636,60,16th Avenue
n1504,n1604,0.6672,35,E Lane
n1505,n1405,0.6672,60,F Boulevard
n1505,n1504,0.6636,60,16th Avenue
n1505,n1506,0.6636,60,16th Avenue
n1505,n1605,0.6672,60,F Boulevard
n1506,n1406,0.6672,35,G Lane
n1506,n1505,0.6636,60,16th Avenue
n1506,n1507,0.6636,60,16th Avenue
n1506,n1606,0.6672,35,G Lane
n1507,n1407,0.6672,35,H Lane
n1507,n1506,0.6636,60,16th Avenue
n1507,n1508,0.6636,60,16th Avenue
n1507,n1607,0.6672,35,H Lane
n1508,n1408,0.6672,35,I Lane
n1508,n1507,0.6636,60,16th Avenue
n1508,n1509,0.6636,60,16th Avenue
n1508,n1608,0.6672,35,I Lane
n1509,n1409,0.6672,35,J Lane
n1509,n1508,0.6636,60,16th Avenue
n1509,n1510,0.6636,60,16th Avenue
n1509,n1609,0.6672,35,J Lane
n1510,n1410,0.6672,60,K Boulevard
n1510,n1509,0.6636,60,16th Avenue
n1510,n1511,0.6636,60,16th Avenue
n1510,n1610,0.6672,60,K Boulevard
n1511,n1411,0.6672,35,L Lane
n1511,n1510,0.6636,60,16th Avenue
n1511,n1512,0.6636,60,16th Avenue
n1511,n1611,0.6672,35,L Lane
n1512,n1412,0.6672,35,M Lane
n1512,n1511,0.6636,60,16th Avenue
n1512,n1513,0.6636,60,16th Avenue
n1512,n1612,0.6672,35,M Lane
n1513,n1413,0.6672,35,N Lane
n1513,n1512,0.6636,60,16th Avenue
n1513,n1514,0.6636,60,16th Avenue
n1513,n1613,0.6672,35,N Lane
n1514,n1414,0.6672,35,O Lane
n1514,n1513,0.6636,60,16th Avenue
n1514,n1515,0.6636,60,16th Avenue
n1514,n1614,0.6672,35,O Lane
n1515,n1415,0.6672,60,P Boulevard
n1515,n1514,0.6636,60,16th Avenue
n1515,n1516,0.6636,60,16th Avenue
n1515,n1615,0.6672,60,P Boulevard
n1516,n1416,0.6672,35,Q Lane
n1516,n1515,0.6636,60,16th Avenue
n1516,n1517,0.6636,60,16th Avenue
n1516,n1616,0.6672,35,Q Lane
n1517,n1417,0.6672,35,R Lane
n1517,n1516,0.6636,60,16th Avenue
n1517,n1518,0.6636,60,16th Avenue
n1517,n1617,0.6672,35,R Lane
n1518,n1418,0.6672,35,S Lane
n1518,n1517,0.6636,60,16th Avenue
n1518,n1519,0.6636,60,16th Avenue
n1518,n1618,0.6672,35,S Lane
n1519,n1419,0.6672,35,T Lane
n1519,n1518,0.6636,60,16th Avenue
n1519,n1520,0.6636,60,16th Avenue
n1520,n1420,0.6672,60,U Boulevard
n1520,n1519,0.6636,60,16th Avenue
n1520,n1521,0.6636,60,16th Avenue
n1520,n1620,0.6672,60,U Boulevard
n1521,n1421,0.6672,35,V Lane
n1521,n1520,0.6636,60,16th Avenue
n1521,n1522,0.6636,60,16th Avenue
n1521,n1621,0.6672,35,V Lane
n1522,n1422,0.6672,35,W Lane
n1522,n1521,0.6636,60,16th Avenue
n1522,n1523,0.6636,60,16th Avenue
n1522,n1622,0.6672,35,W Lane
n1523,n1423,0.6672,35,X Lane
n1523,n1522,0.6636,60,16th Avenue
n1523,n1524,0.6636,60,16th Avenue
n1523,n1623,0.6672,35,X Lane
n1524,n1523,0.6636,60,16th Avenue
n1524,n1525,0.6636,60,16th Avenue
n1524,n1624,0.6672,35,Y Lane
n1525,n1425,0.6672,60,Z Boulevard
n1525,n1524,0.6636,60,16th Avenue
n1525,n1526,0.6636,60,16th Avenue
n1525,n1625,0.6672,60,Z Boulevard
n1526,n1426,0.6672,35,AA Lane
n1526,n1525,0.6636,60,16th Avenue
n1526,n1527,0.6636,60,16th Avenue
n1526,n1626,0.6672,35,AA Lane
n1527,n1427,0.6672,35,AB Lane
n1527,n1526,0.6636,60,16th Avenue
n1527,n1528,0.6636,60,16th Avenue
n1527,n1627,0.6672,35,AB Lane
n1528,n1527,0.6636,60,16th Avenue
n1528,n1529,0.6636,60,16th Avenue
n1528,n1628,0.6672,35,AC Lane
n1529,n1429,0.6672,35,AD Lane
n1529,n1528,0.6636,60,16th Avenue
n1529,n1530,0.6636,60,16th Avenue
n1529,n1629,0.6672,35,AD Lane
n1530,n1430,0.6672,60,AE Boulevard
n1530,n1529,0.6636,60,16th Avenue
n1530,n1531,0.6636,60,16th Avenue
n1530,n1630,0.6672,60,AE Boulevard
n1531,n1431,0.6672,35,AF Lane
n1531,n1530,0.6636,60,16th Avenue
n1531,n1532,0.6636,60,16th Avenue
n1531,n1631,0.6672,35,AF Lane
n1532,n1432,0.6672,35,AG Lane
n1532,n1531,0.6636,60,16th Avenue
n1532,n1533,0.6636,60,16th Avenue
n1532,n1632,0.6672,35,AG Lane
n1533,n1433,0.6672,35,AH Lane
n1533,n1532,0.6636,60,16th Avenue
n1533,n1534,0.6636,60,16th Avenue
n1533,n1633,0.6672,35,AH Lane
n1534,n1434,0.6672,35,AI Lane
n1534,n1533,0.6636,60,16th Avenue
n1534,n1535,0.6636,60,16th Avenue
n1534,n1634,0.6672,35,AI Lane
n1535,n1435,0.6672,60,AJ Boulevard
n1535,n1534,0.6636,60,16th Avenue
n1535,n1536,0.6636,60,16th Avenue
n1535,n1635,0.6672,60,AJ Boulevard
n1536,n1436,0.6672,35,AK Lane
n1536,n1535,0.6636,60,16th Avenue
n1536,n1537,0.6636,60,16th Avenue
n1536,n1636,0.6672,35,AK Lane
n1537,n1437,0.6672,35,AL Lane
n1537,n1536,0.6636,60,16th Avenue
n1537,n1538,0.6636,60,16th Avenue
n1537,n1637,0.6672,35,AL Lane
n1538,n1438,0.6672,35,AM Lane
n1538,n1537,0.6636,60,16th Avenue
n1538,n1539,0.6636,60,16th Avenue
n1538,n1638,0.6672,35,AM Lane
n1539,n1439,0.6672,35,AN Lane
n1539,n1538,0.6636,60,16th Avenue
n1539,n1639,0.6672,35,AN Lane
n1539,n1039,3.3359,100,Ring Motorway
n1539,n2039,3.3359,100,Ring Motorway
n1600,n1500,0.6672,60,A Boulevard
n1600,n1601,0.6636,35,17th Street
n1600,n1700,0.6672,60,A Boulevard
n1601,n1501,0.6672,35,B Lane
n1601,n1600,0.6636,35,17th Street
n1601,n1602,0.6636,35,17th Street
n1601,n1701,0.6672,35,B Lane
n1602,n1502,0.6672,35,C Lane
n1602,n1601,0.6636,35,17th Street
n1602,n1603,0.6636,35,17th Street
n1602,n1702,0.6672,35,C Lane
n1603,n1503,0.6672,35,D Lane
n1603,n1602,0.6636,35,17th Street
n1603,n1604,0.6636,35,17th Street
n1603,n1703,0.6672,35,D Lane
n1604,n1504,0.6672,35,E Lane
n1604,n1603,0.6636,35,17th Street
n1604,n1605,0.6636,35,17th Street
n1604,n1704,0.6672,35,E Lane
n1605,n1505,0.6672,60,F Boulevard
n1605,n1604,0.6636,35,17th Street
n1605,n1606,0.6636,35,17th Street
n1605,n1705,0.6672,60,F Boulevard
n1606,n1506,0.6672,35,G Lane
n1606,n1605,0.6636,35,17th Street
n1606,n1607,0.6636,35,17th Street
n1606,n1706,0.6672,35,G Lane
n1607,n1507,0.6672,35,H Lane
n1607,n1606,0.6636,35,17th Street
n1607,n1608,0.6636,35,17th Street
n1607,n1707,0.6672,35,H Lane
n1608,n1508,0.6672,35,I Lane
n1608,n1607,0.6636,35,17th Street
n1608,n1609,0.6636,35,17th Street
n1608,n1708,0.6672,35,I Lane
n1609,n1509,0.6672,35,J Lane
n1609,n1608,0.6636,35,17th Street
n1609,n1610,0.6636,35,17th Street
n1609,n1709,0.6672,35,J Lane
n1610,n1510,0.6672,60,K Boulevard
n1610,n1609,0.6636,35,17th Street
n1610,n1611,0.6636,35,17th Street
n1610,n1710,0.6672,60,K Boulevard
n1611,n1511,0.6672,35,L Lane
n1611,n1610,0.6636,35,17th Street
n1611,n1612,0.6636,35,17th Street
n1611,n1711,0.6672,35,L Lane
n1612,n1512,0.6672,35,M Lane
n1612,n1611,0.6636,35,17th Street
n1612,n1613,0.6636,35,17th Street
n1612,n1712,0.6672,35,M Lane
n1613,n1513,0.6672,35,N Lane
n1613,n1612,0.6636,35,17th Street
n1613,n1614,0.6636,35,17th Street
n1613,n1713,0.6672,35,N Lane
n1614,n1514,0.6672,35,O Lane
n1614,n1613,0.6636,35,17th Street
n1614,n1615,0.6636,35,17th Street
n1614,n1714,0.6672,35,O Lane
n1615,n1515,0.6672,60,P Boulevard
n1615,n1614,0.6636,35,17th Street
n1615,n1616,0.6636,35,17th Street
n1615,n1715,0.6672,60,P Boulevard
n1616,n1516,0.6672,35,Q Lane
n1616,n1615,0.6636,35,17th Street
n1616,n1617,0.6636,35,17th Street
n1616,n1716,0.6672,35,Q Lane
n1617,n1517,0.6672,35,R Lane
n1617,n1616,0.6636,35,17th Street
n1617,n1618,0.6636,35,17th Street
n1617,n1717,0.6672,35,R Lane
n1618,n1518,0.6672,35,S Lane
n1618,n1617,0.6636,35,17th Street
n1618,n1619,0.6636,35,17th Street
n1618,n1718,0.6672,35,S Lane
n1619,n1618,0.6636,35,17th Street
n1619,n1620,0.6636,35,17th Street
n1619,n1719,0.6672,35,T Lane
n1620,n1520,0.6672,60,U Boulevard
n1620,n1619,0.6636,35,17th Street
n1620,n1621,0.6636,35,17th Street
n1620,n1720,0.6672,60,U Boulevard
n1621,n1521,0.6672,35,V Lane
n1621,n1620,0.6636,35,17th Street
n1621,n1622,0.6636,35,17th Street
n1621,n1721,0.6672,35,V Lane
n1622,n1522,0.6672,35,W Lane
n1622,n1621,0.6636,35,17th Street
n1622,n1623,0.6636,35,17th Street
n1622,n1722,0.6672,35,W Lane
n1623,n1523,0.6672,35,X Lane
n1623,n1622,0.6636,35,17th Street
n1623,n1624,0.6636,35,17th Street
n1623,n1723,0.6672,35,X Lane
n1624,n1524,0.6672,35,Y Lane
n1624,n1623,0.6636,35,17th Street
n1624,n1625,0.6636,35,17th Street
n1624,n1724,0.6672,35,Y Lane
n1625,n1525,0.6672,60,Z Boulevard
n1625,n1624,0.6636,35,17th Street
n1625,n1626,0.6636,35,17th Street
n1625,n1725,0.6672,60,Z Boulevard
n1626,n1526,0.6672,35,AA Lane
n1626,n1625,0.6636,35,17th Street
n1626,n1627,0.6636,35,17th Street
n1626,n1726,0.6672,35,AA Lane
n1627,n1527,0.6672,35,AB Lane
n1627,n1626,0.6636,35,17th Street
n1627,n1628,0.6636,35,17th Street
n1627,n1727,0.6672,35,AB Lane
n1628,n1528,0.6672,35,AC Lane
n1628,n1627,0.6636,35,17th Street
n1628,n1629,0.6636,35,17th Street
n1629,n1529,0.6672,35,AD Lane
n1629,n1628,0.6636,35,17th Street
n1629,n1630,0.6636,35,17th Street
n1629,n1729,0.6672,35,AD Lane
n1630,n1530,0.6672,60,AE Boulevard
n1630,n1629,0.6636,35,17th Street
n1630,n1631,0.6636,35,17th Street
n1630,n1730,0.6672,60,AE Boulevard
n1631,n1531,0.6672,35,AF Lane
n1631,n1630,0.6636,35,17th Street
n1631,n1632,0.6636,35,17th Street
n1631,n1731,0.6672,35,AF Lane
n1632,n1532,0.6672,35,AG Lane
n1632,n1631,0.6636,35,17th Street
n1632,n1633,0.6636,35,17th Street
n1632,n1732,0.6672,35,AG Lane
n1633,n1533,0.6672,35,AH Lane
n1633,n1632,0.6636,35,17th Street
n1633,n1634,0.6636,35,17th Street
n1633,n1733,0.6672,35,AH Lane
n1634,n1534,0.6672,35,AI Lane
n1634,n1633,0.6636,35,17th Street
n1634,n1635,0.6636,35,17th Street
n1634,n1734,0.6672,35,AI Lane
n1635,n1535,0.6672,60,AJ Boulevard
n1635,n1634,0.6636,35,17th Street
n1635,n1636,0.6636,35,17th Street
n1635,n1735,0.6672,60,AJ Boulevard
n1636,n1536,0.6672,35,AK Lane
n1636,n1635,0.6636,35,17th Street
n1636,n1637,0.6636,35,17th Street
n1637,n1537,0.6672,35,AL Lane
n1637,n1636,0.6636,35,17th Street
n1637,n1638,0.6636,35,17th Street
n1637,n1737,0.6672,35,AL Lane
n1638,n1538,0.6672,35,AM Lane
n1638,n1637,0.6636,35,17th Street
n1638,n1639,0.6636,35,17th Street
n1638,n1738,0.6672,35,AM Lane
n1639,n1539,0.6672,35,AN Lane
n1639,n1638,0.6636,35,17th Street
n1700,n1600,0.6672,60,A Boulevard
n1700,n1701,0.6635,35,18th Street
n1700,n1800,0.6672,60,A Boulevard
n1701,n1601,0.6672,35,B Lane
n1701,n1700,0.6635,35,18th Street
n1701,n1702,0.6635,35,18th Street
n1702,n1602,0.6672,35,C Lane
n1702,n1701,0.6635,35,18th Street
n1702,n1703,0.6635,35,18th Street
n1702,n1802,0.6672,35,C Lane
n1703,n1603,0.6672,35,D Lane
n1703,n1702,0.6635,35,18th Street
n1703,n1704,0.6635,35,18th Street
n1703,n1803,0.6672,35,D Lane
n1704,n1604,0.6672,35,E Lane
n1704,n1703,0.6635,35,18th Street
n1704,n1705,0.6635,35,18th Street
n1704,n1804,0.6672,35,E Lane
n1705,n1605,0.6672,60,F Boulevard
n1705,n1704,0.6635,35,18th Street
n1705,n1706,0.6635,35,18th Street
n1705,n1805,0.6672,60,F Boulevard
n1706,n1606,0.6672,35,G Lane
n1706,n1705,0.6635,35,18th Street
n1706,n1707,0.6635,35,18th Street
n1706,n1806,0.6672,35,G Lane
n1707,n1607,0.6672,35,H Lane
n1707,n1706,0.6635,35,18th Street
n1707,n1708,0.6635,35,18th Street
n1707,n1807,0.6672,35,H Lane
n1708,n1608,0.6672,35,I Lane
n1708,n1707,0.6635,35,18th Street
n1708,n1709,0.6635,35,18th Street
n1708,n1808,0.6672,35,I Lane
n1709,n1609,0.6672,35,J Lane
n1709,n1708,0.6635,35,18th Street
n1709,n1710,0.6635,35,18th Street
n1709,n1809,0.6672,35,J Lane
n1710,n1610,0.6672,60,K Boulevard
n1710,n1709,0.6635,35,18th Street
n1710,n1711,0.6635,35,18th Street
n1710,n1810,0.6672,60,K Boulevard
n1711,n1611,0.6672,35,L Lane
n1711,n1710,0.6635,35,18th Street
n1711,n1712,0.6635,35,18th Street
n1711,n1811,0.6672,35,L Lane
n1712,n1612,0.6672,35,M Lane
n1712,n1711,0.6635,35,18th Street
n1712,n1713,0.6635,35,18th Street
n1712,n1812,0.6672,35,M Lane
n1713,n1613,0.6672,35,N Lane
n1713,n1712,0.6635,35,18th Street
n1713,n1714,0.6635,35,18th Street
n1713,n1813,0.6672,35,N Lane
n1714,n1614,0.6672,35,O Lane
n1714,n1713,0.6635,35,18th Street
n1714,n1715,0.6635,35,18th Street
n1714,n1814,0.6672,35,O Lane
n1715,n1615,0.6672,60,P Boulevard
n1715,n1714,0.6635,35,18th Street
n1715,n1716,0.6635,35,18th Street
n1715,n1815,0.6672,60,P Boulevard
n1716,n1616,0.6672,35,Q Lane
n1716,n1715,0.6635,35,18th Street
n1716,n1717,0.6635,35,18th Street
n1717,n1617,0.6672,35,R Lane
n1717,n1716,0.6635,35,18th Street
n1717,n1718,0.6635,35,18th Street
n1717,n1817,0.6672,35,R Lane
n1718,n1618,0.6672,35,S Lane
n1718,n1717,0.6635,35,18th Street
n1718,n1719,0.6635,35,18th Street
n1718,n1818,0.6672,35,S Lane
n1719,n1619,0.6672,35,T Lane
n1719,n1718,0.6635,35,18th Street
n1719,n1720,0.6635,35,18th Street
n1719,n1819,0.6672,35,T Lane
n1720,n1620,0.6672,60,U Boulevard
n1720,n1719,0.6635,35,18th Street
n1720,n1721,0.6635,35,18th Street
n1720,n1820,0.6672,60,U Boulevard
n1721,n1621,0.6672,35,V Lane
n1721,n1720,0.6635,35,18th Street
n1721,n1722,0.6635,35,18th Street
n1721,n1821,0.6672,35,V Lane
n1722,n1622,0.6672,35,W Lane
n1722,n1721,0.6635,35,18th Street
n1722,n1723,0.6635,35,18th Street
n1722,n1822,0.6672,35,W Lane
n1723,n1623,0.6672,35,X Lane
n1723,n1722,0.6635,35,18th Street
n1723,n1724,0.6635,35,18th Street
n1723,n1823,0.6672,35,X Lane
n1724,n1624,0.6672,35,Y Lane
n1724,n1723,0.6635,35,18th Street
n1724,n1725,0.6635,35,18th Street
n1724,n1824,0.6672,35,Y Lane
n1725,n1625,0.6672,60,Z Boulevard
n1725,n1724,0.6635,35,18th Street
n1725,n1726,0.6635,35,18th Street
n1725,n1825,0.6672,60,Z Boulevard
n1726,n1626,0.6672,35,AA Lane
n1726,n1725,0.6635,35,18th Street
n1726,n1727,0.6635,35,18th Street
n1727,n1627,0.6672,35,AB Lane
n1727,n1726,0.6635,35,18th Street
n1728,n1729,0.6635,35,18th Street
n1728,n1828,0.6672,35,AC Lane
n1729,n1629,0.6672,35,AD Lane
n1729,n1728,0.6635,35,18th Street
n1729,n1730,0.6635,35,18th Street
n1729,n1829,0.6672,35,AD Lane
n1730,n1630,0.6672,60,AE Boulevard
n1730,n1729,0.6635,35,18th Street
n1730,n1731,0.6635,35,18th Street
n1730,n1830,0.6672,60,AE Boulevard
n1731,n1631,0.6672,35,AF Lane
n1731,n1730,0.6635,35,18th Street
n1731,n1732,0.6635,35,18th Street
n1731,n1831,0.6672,35,AF Lane
n1732,n1632,0.6672,35,AG Lane
n1732,n1731,0.6635,35,18th Street
n1732,n1733,0.6635,35,18th Street
n1732,n1832,0.6672,35,AG Lane
n1733,n1633,0.6672,35,AH Lane
n1733,n1732,0.6635,35,18th Street
n1733,n1734,0.6635,35,18th Street
n1733,n1833,0.6672,35,AH Lane
n1734,n1634,0.6672,35,AI Lane
n1734,n1733,0.6635,35,18th Street
n1734,n1735,0.6635,35,18th Street
n1734,n1834,0.6672,35,AI Lane
n1735,n1635,0.6672,60,AJ Boulevard
n1735,n1734,0.6635,35,18th Street
n1735,n1736,0.6635,35,18th Street
n1735,n1835,0.6672,60,AJ Boulevard
n1736,n1735,0.6635,35,18th Street
n1736,n1737,0.6635,35,18th Street
n1736,n1836,0.6672,35,AK Lane
n1737,n1637,0.6672,35,AL Lane
n1737,n1736,0.6635,35,18th Street
n1737,n1738,0.6635,35,18th Street
n1737,n1837,0.6672,35,AL Lane
n1738,n1638,0.6672,35,AM Lane
n1738,n1737,0.6635,35,18th Street
n1738,n1739,0.6635,35,18th Street
n1738,n1838,0.6672,35,AM Lane
n1739,n1738,0.6635,35,18th Street
n1739,n1839,0.6672,35,AN Lane
n1800,n1700,0.6672,60,A Boulevard
n1800,n1801,0.6635,35,19th Street
n1800,n1900,0.6672,60,A Boulevard
n1801,n1800,0.6635,35,19th Street
n1801,n1802,0.6635,35,19th Street
n1801,n1901,0.6672,35,B Lane
n1802,n1702,0.6672,35,C Lane
n1802,n1801,0.6635,35,19th Street
n1802,n1803,0.6635,35,19th Street
n1802,n1902,0.6672,35,C Lane
n1803,n1703,0.6672,35,D Lane
n1803,n1802,0.6635,35,19th Street
n1803,n1804,0.6635,35,19th Street
n1803,n1903,0.6672,35,D Lane
n1804,n1704,0.6672,35,E Lane
n1804,n1803,0.6635,35,19th Street
n1804,n1805,0.6635,35,19th Street
n1804,n1904,0.6672,35,E Lane
n1805,n1705,0.6672,60,F Boulevard
n1805,n1804,0.6635,35,19th Street
n1805,n1806,0.6635,35,19th Street
n1805,n1905,0.6672,60,F Boulevard
n1806,n1706,0.6672,35,G Lane
n1806,n1805,0.6635,35,19th Street
n1806,n1807,0.6635,35,19th Street
n1806,n1906,0.6672,35,G Lane
n1807,n1707,0.6672,35,H Lane
n1807,n1806,0.6635,35,19th Street
n1807,n1808,0.6635,35,19th Street
n1807,n1907,0.6672,35,H Lane
n1808,n1708,0.6672,35,I Lane
n1808,n1807,0.6635,35,19th Street
n1808,n1908,0.6672,35,I Lane
n1809,n1709,0.6672,35,J Lane
n1809,n1810,0.6635,35,19th Street
n1810,n1710,0.6672,60,K Boulevard
n1810,n1809,0.6635,35,19th Street
n1810,n1811,0.6635,35,19th Street
n1810,n1910,0.6672,60,K Boulevard
n1811,n1711,0.6672,35,L Lane
n1811,n1810,0.6635,35,19th Street
n1811,n1812,0.6635,35,19th Street
n1811,n1911,0.6672,35,L Lane
n1812,n1712,0.6672,35,M Lane
n1812,n1811,0.6635,35,19th Street
n1812,n1813,0.6635,35,19th Street
n1812,n1912,0.6672,35,M Lane
n1813,n1713,0.6672,35,N Lane
n1813,n1812,0.6635,35,19th Street
n1813,n1814,0.6635,35,19th Street
n1813,n1913,0.6672,35,N Lane
n1814,n1714,0.6672,35,O Lane
n1814,n1813,0.6635,35,19th Street
n1814,n1815,0.6635,35,19th Street
n1814,n1914,0.6672,35,O Lane
n1815,n1715,0.6672,60,P Boulevard
n1815,n1814,0.6635,35,19th Street
n1815,n1816,0.6635,35,19th Street
n1815,n1915,0.6672,60,P Boulevard
n1816,n1815,0.6635,35,19th Street
n1816,n1817,0.6635,35,19th Street
n1816,n1916,0.6672,35,Q Lane
n1817,n1717,0.6672,35,R Lane
n1817,n1816,0.6635,35,19th Street
n1817,n1818,0.6635,35,19th Street
n1817,n1917,0.6672,35,R Lane
n1818,n1718,0.6672,35,S Lane
n1818,n1817,0.6635,35,19th Street
n1819,n1719,0.6672,35,T Lane
n1819,n1820,0.6635,35,19th Street
n1819,n1919,0.6672,35,T Lane
n1820,n1720,0.6672,60,U Boulevard
n1820,n1819,0.6635,35,19th Street
n1820,n1821,0.6635,35,19th Street
n1820,n1920,0.6672,60,U Boulevard
n1821,n1721,0.6672,35,V Lane
n1821,n1820,0.6635,35,19th Street
n1821,n1822,0.6635,35,19th Street
n1821,n1921,0.6672,35,V Lane
n1822,n1722,0.6672,35,W Lane
n1822,n1821,0.6635,35,19th Street
n1822,n1823,0.6635,35,19th Street
n1822,n1922,0.6672,35,W Lane
n1823,n1723,0.6672,35,X Lane
n1823,n1822,0.6635,35,19th Street
n1823,n1824,0.6635,35,19th Street
n1823,n1923,0.6672,35,X Lane
n1824,n1724,0.6672,35,Y Lane
n1824,n1823,0.6635,35,19th Street
n1824,n1825,0.6635,35,19th Street
n1824,n1924,0.6672,35,Y Lane
n1825,n1725,0.6672,60,Z Boulevard
n1825,n1824,0.6635,35,19th Street
n1825,n1826,0.6635,35,19th Street
n1825,n1925,0.6672,60,Z Boulevard
n1826,n1825,0.6635,35,19th Street
n1826,n1827,0.6635,35,19th Street
n1826,n1926,0.6672,35,AA Lane
n1827,n1826,0.6635,35,19th Street
n1827,n1828,0.6635,35,19th Street
n1827,n1927,0.6672,35,AB Lane
n1828,n1728,0.6672,35,AC Lane
n1828,n1827,0.6635,35,19th Street
n1828,n1829,0.6635,35,19th Street
n1828,n1928,0.6672,35,AC Lane
n1829,n1729,0.6672,35,AD Lane
n1829,n1828,0.6635,35,19th Street
n1829,n1830,0.6635,35,19th Street
n1829,n1929,0.6672,35,AD Lane
n1830,n1730,0.6672,60,AE Boulevard
n1830,n1829,0.6635,35,19th Street
n1830,n1831,0.6635,35,19th Street
n1830,n1930,0.6672,60,AE Boulevard
n1831,n1731,0.6672,35,AF Lane
n1831,n1830,0.6635,35,19th Street
n1831,n1832,0.6635,35,19th Street
n1831,n1931,0.6672,35,AF Lane
n1832,n1732,0.6672,35,AG Lane
n1832,n1831,0.6635,35,19th Street
n1832,n1833,0.6635,35,19th Street
n1832,n1932,0.6672,35,AG Lane
n1833,n1733,0.6672,35,AH Lane
n1833,n1832,0.6635,35,19th Street
n1833,n1834,0.6635,35,19th Street
n1833,n1933,0.6672,35,AH Lane
n1834,n1734,0.6672,35,AI Lane
n1834,n1833,0.6635,35,19th Street
n1834,n1835,0.6635,35,19th Street
n1834,n1934,0.6672,35,AI Lane
n1835,n1735,0.6672,60,AJ Boulevard
n1835,n1834,0.6635,35,19th Street
n1835,n1836,0.6635,35,19th Street
n1835,n1935,0.6672,60,AJ Boulevard
n1836,n1736,0.6672,35,AK Lane
n1836,n1835,0.6635,35,19th Street
n1836,n1837,0.6635,35,19th Street
n1836,n1936,0.6672,35,AK Lane
n1837,n1737,0.6672,35,AL Lane
n1837,n1836,0.6635,35,19th Street
n1837,n1838,0.6635,35,19th Street
n1837,n1937,0.6672,35,AL Lane
n1838,n1738,0.6672,35,AM Lane
n1838,n1837,0.6635,35,19th Street
n1838,n1839,0.6635,35,19th Street
n1838,n1938,0.6672,35,AM Lane
n1839,n1739,0.6672,35,AN Lane
n1839,n1838,0.6635,35,19th Street
n1839,n1939,0.6672,35,AN Lane
n1900,n1800,0.6672,60,A Boulevard
n1900,n1901,0.6634,35,20th Street
n1900,n2000,0.6672,60,A Boulevard
n1900,n2400,3.3359,100,Ring Motorway
n1900,n1400,3.3359,100,Ring Motorway
n1901,n1801,0.6672,35,B Lane
n1901,n1900,0.6634,35,20th Street
n1901,n1902,0.6634,35,20th Street
n1901,n2001,0.6672,35,B Lane
n1902,n1802,0.6672,35,C Lane
n1902,n1901,0.6634,35,20th Street
n1902,n1903,0.6634,35,20th Street
n1902,n2002,0.6672,35,C Lane
n1903,n1803,0.6672,35,D Lane
n1903,n1902,0.6634,35,20th Street
n1903,n2003,0.6672,35,D Lane
n1904,n1804,0.6672,35,E Lane
n1904,n1905,0.6634,35,20th Street
n1904,n2004,0.6672,35,E Lane
n1905,n1805,0.6672,60,F Boulevard
n1905,n1904,0.6634,35,20th Street
n1905,n1906,0.6634,35,20th Street
n1905,n2005,0.6672,60,F Boulevard
n1906,n1806,0.6672,35,G Lane
n1906,n1905,0.6634,35,20th Street
n1906,n1907,0.6634,35,20th Street
n1906,n2006,0.6672,35,G Lane
n1907,n1807,0.6672,35,H Lane
n1907,n1906,0.6634,35,20th Street
n1907,n2007,0.6672,35,H Lane
n1908,n1808,0.6672,35,I Lane
n1908,n1909,0.6634,35,20th Street
n1908,n2008,0.6672,35,I Lane
n1909,n1908,0.6634,35,20th Street
n1909,n2009,0.6672,35,J Lane
n1910,n1810,0.6672,60,K Boulevard
n1910,n1911,0.6634,35,20th Street
n1910,n2010,0.6672,60,K Boulevard
n1911,n1811,0.6672,35,L Lane
n1911,n1910,0.6634,35,20th Street
n1911,n1912,0.6634,35,20th Street
n1911,n2011,0.6672,35,L Lane
n1912,n1812,0.6672,35,M Lane
n1912,n1911,0.6634,35,20th Street
n1912,n1913,0.6634,35,20th Street
n1912,n2012,0.6672,35,M Lane
n1913,n1813,0.6672,35,N Lane
n1913,n1912,0.6634,35,20th Street
n1913,n1914,0.6634,35,20th Street
n1913,n2013,0.6672,35,N Lane
n1914,n1814,0.6672,35,O Lane
n1914,n1913,0.6634,35,20th Street
n1914,n1915,0.6634,35,20th Street
n1914,n2014,0.6672,35,O Lane
n1915,n1815,0.6672,60,P Boulevard
n1915,n1914,0.6634,35,20th Street
n1915,n1916,0.6634,35,20th Street
n1915,n2015,0.6672,60,P Boulevard
n1916,n1816,0.6672,35,Q Lane
n1916,n1915,0.6634,35,20th Street
n1916,n1917,0.6634,35,20th Street
n1916,n2016,0.6672,35,Q Lane
n1917,n1817,0.6672,35,R Lane
n1917,n1916,0.6634,35,20th Street
n1917,n1918,0.6634,35,20th Street
n1917,n2017,0.6672,35,R Lane
n1918,n1917,0.6634,35,20th Street
n1918,n1919,0.6634,35,20th Street
n1918,n2018,0.6672,35,S Lane
n1919,n1819,0.6672,35,T Lane
n1919,n1918,0.6634,35,20th Street
n1919,n1920,0.6634,35,20th Street
n1920,n1820,0.6672,60,U Boulevard
n1920,n1919,0.6634,35,20th Street
n1920,n1921,0.6634,35,20th Street
n1920,n2020,0.6672,60,U Boulevard
n1921,n1821,0.6672,35,V Lane
n1921,n1920,0.6634,35,20th Street
n1921,n1922,0.6634,35,20th Street
n1921,n2021,0.6672,35,V Lane
n1922,n1822,0.6672,35,W Lane
n1922,n1921,0.6634,35,20th Street
n1922,n1923,0.6634,35,20th Street
n1922,n2022,0.6672,35,W Lane
n1923,n1823,0.6672,35,X Lane
n1923,n1922,0.6634,35,20th Street
n1923,n1924,0.6634,35,20th Street
n1923,n2023,0.6672,35,X Lane
n1924,n1824,0.6672,35,Y Lane
n1924,n1923,0.6634,35,20th Street
n1924,n1925,0.6634,35,20th Street
n1924,n2024,0.6672,35,Y Lane
n1925,n1825,0.6672,60,Z Boulevard
n1925,n1924,0.6634,35,20th Street
n1925,n2025,0.6672,60,Z Boulevard
n1926,n1826,0.6672,35,AA Lane
n1926,n1927,0.6634,35,20th Street
n1926,n2026,0.6672,35,AA Lane
n1927,n1827,0.6672,35,AB Lane
n1927,n1926,0.6634,35,20th Street
n1927,n1928,0.6634,35,20th Street
n1927,n2027,0.6672,35,AB Lane
n1928,n1828,0.6672,35,AC Lane
n1928,n1927,0.6634,35,20th Street
n1928,n1929,0.6634,35,20th Street
n1928,n2028,0.6672,35,AC Lane
n1929,n1829,0.6672,35,AD Lane
n1929,n1928,0.6634,35,20th Street
n1929,n1930,0.6634,35,20th Street
n1929,n2029,0.6672,35,AD Lane
n1930,n1830,0.6672,60,AE Boulevard
n1930,n1929,0.6634,35,20th Street
n1930,n1931,0.6634,35,20th Street
n1930,n2030,0.6672,60,AE Boulevard
n1931,n1831,0.6672,35,AF Lane
n1931,n1930,0.6634,35,20th Street
n1931,n1932,0.6634,35,20th Street
n1931,n2031,0.6672,35,AF Lane
n1932,n1832,0.6672,35,AG Lane
n1932,n1931,0.6634,35,20th Street
n1932,n1933,0.6634,35,20th Street
n1932,n2032,0.6672,35,AG Lane
n1933,n1833,0.6672,35,AH Lane
n1933,n1932,0.6634,35,20th Street
n1933,n1934,0.6634,35,20th Street
n1933,n2033,0.6672,35,AH Lane
n1934,n1834,0.6672,35,AI Lane
n1934,n1933,0.6634,35,20th Street
n1934,n2034,0.6672,35,AI Lane
n1935,n1835,0.6672,60,AJ Boulevard
n1935,n1936,0.6634,35,20th Street
n1935,n2035,0.6672,60,AJ Boulevard
n1936,n1836,0.6672,35,AK Lane
n1936,n1935,0.6634,35,20th Street
n1936,n1937,0.6634,35,20th Street
n1936,n2036,0.6672,35,AK Lane
n1937,n1837,0.6672,35,AL Lane
n1937,n1936,0.6634,35,20th Street
n1937,n1938,0.6634,35,20th Street
n1937,n2037,0.6672,35,AL Lane
n1938,n1838,0.6672,35,AM Lane
n1938,n1937,0.6634,35,20th Street
n1938,n1939,0.6634,35,20th Street
n1938,n2038,0.6672,35,AM Lane
n1939,n1839,0.6672,35,AN Lane
n1939,n1938,0.6634,35,20th Street
n2000,n1900,0.6672,60,A Boulevard
n2000,n2001,0.6634,60,21st Avenue
n2000,n2100,0.6672,60,A Boulevard
n2001,n1901,0.6672,35,B Lane
n2001,n2000,0.6634,60,21st Avenue
n2001,n2002,0.6634,60,21st Avenue
n2001,n2101,0.6672,35,B Lane
n2002,n1902,0.6672,35,C Lane
n2002,n2001,0.6634,60,21st Avenue
n2002,n2003,0.6634,60,21st Avenue
n2002,n2102,0.6672,35,C Lane
n2003,n1903,0.6672,35,D Lane
n2003,n2002,0.6634,60,21st Avenue
n2003,n2004,0.6634,60,21st Avenue
n2003,n2103,0.6672,35,D Lane
n2004,n1904,0.6672,35,E Lane
n2004,n2003,0.6634,60,21st Avenue
n2004,n2005,0.6634,60,21st Avenue
n2004,n2104,0.6672,35,E Lane
n2005,n1905,0.6672,60,F Boulevard
n2005,n2004,0.6634,60,21st Avenue
n2005,n2006,0.6634,60,21st Avenue
n2005,n2105,0.6672,60,F Boulevard
n2006,n1906,0.6672,35,G Lane
n2006,n2005,0.6634,60,21st Avenue
n2006,n2007,0.6634,60,21st Avenue
n2006,n2106,0.6672,35,G Lane
n2007,n1907,0.6672,35,H Lane
n2007,n2006,0.6634,60,21st Avenue
n2007,n2008,0.6634,60,21st Avenue
n2007,n2107,0.6672,35,H Lane
n2008,n1908,0.6672,35,I Lane
n2008,n2007,0.6634,60,21st Avenue
n2008,n2009,0.6634,60,21st Avenue
n2008,n2108,0.6672,35,I Lane
n2009,n1909,0.6672,35,J Lane
n2009,n2008,0.6634,60,21st Avenue
n2009,n2010,0.6634,60,21st Avenue
n2009,n2109,0.6672,35,J Lane
n2010,n1910,0.6672,60,K Boulevard
n2010,n2009,0.6634,60,21st Avenue
n2010,n2011,0.6634,60,21st Avenue
n2010,n2110,0.6672,60,K Boulevard
n2011,n1911,0.6672,35,L Lane
n2011,n2010,0.6634,60,21st Avenue
n2011,n2012,0.6634,60,21st Avenue
n2012,n1912,0.6672,35,M Lane
n2012,n2011,0.6634,60,21st Avenue
n2012,n2013,0.6634,60,21st Avenue
n2012,n2112,0.6672,35,M Lane
n2013,n1913,0.6672,35,N Lane
n2013,n2012,0.6634,60,21st Avenue
n2013,n2014,0.6634,60,21st Avenue
n2013,n2113,0.6672,35,N Lane
n2014,n1914,0.6672,35,O Lane
n2014,n2013,0.6634,60,21st Avenue
n2014,n2015,0.6634,60,21st Avenue
n2015,n1915,0.6672,60,P Boulevard
n2015,n2014,0.6634,60,21st Avenue
n2015,n2016,0.6634,60,21st Avenue
n2015,n2115,0.6672,60,P Boulevard
n2016,n1916,0.6672,35,Q Lane
n2016,n2015,0.6634,60,21st Avenue
n2016,n2017,0.6634,60,21st Avenue
n2016,n2116,0.6672,35,Q Lane
n2017,n1917,0.6672,35,R Lane
n2017,n2016,0.6634,60,21st Avenue
n2017,n2018,0.6634,60,21st Avenue
n2017,n2117,0.6672,35,R Lane
n2018,n1918,0.6672,35,S Lane
n2018,n2017,0.6634,60,21st Avenue
n2018,n2019,0.6634,60,21st Avenue
n2018,n2118,0.6672,35,S Lane
n2019,n2018,0.6634,60,21st Avenue
n2019,n2020,0.6634,60,21st Avenue
n2019,n2119,0.6672,35,T Lane
n2020,n1920,0.6672,60,U Boulevard
n2020,n2019,0.6634,60,21st Avenue
n2020,n2021,0.6634,60,21st Avenue
n2020,n2120,0.6672,60,U Boulevard
n2021,n1921,0.6672,35,V Lane
n2021,n2020,0.6634,60,21st Avenue
n2021,n2022,0.6634,60,21st Avenue
n2021,n2121,0.6672,35,V Lane
n2022,n1922,0.6672,35,W Lane
n2022,n2021,0.6634,60,21st Avenue
n2022,n2023,0.6634,60,21st Avenue
n2022,n2122,0.6672,35,W Lane
n2023,n1923,0.6672,35,X Lane
n2023,n2022,0.6634,60,21st Avenue
n2023,n2024,0.6634,60,21st Avenue
n2023,n2123,0.6672,35,X Lane
n2024,n1924,0.6672,35,Y Lane
n2024,n2023,0.6634,60,21st Avenue
n2024,n2025,0.6634,60,21st Avenue
n2024,n2124,0.6672,35,Y Lane
n2025,n1925,0.6672,60,Z Boulevard
n2025,n2024,0.6634,60,21st Avenue
n2025,n2026,0.6634,60,21st Avenue
n2025,n2125,0.6672,60,Z Boulevard
n2026,n1926,0.6672,35,AA Lane
n2026,n2025,0.6634,60,21st Avenue
n2026,n2027,0.6634,60,21st Avenue
n2026,n2126,0.6672,35,AA Lane
n2027,n1927,0.6672,35,AB Lane
n2027,n2026,0.6634,60,21st Avenue
n2027,n2028,0.6634,60,21st Avenue
n2027,n2127,0.6672,35,AB Lane
n2028,n1928,0.6672,35,AC Lane
n2028,n2027,0.6634,60,21st Avenue
n2028,n2029,0.6634,60,21st Avenue
n2028,n2128,0.6672,35,AC Lane
n2029,n1929,0.6672,35,AD Lane
n2029,n2028,0.6634,60,21st Avenue
n2029,n2030,0.6634,60,21st Avenue
n2029,n2129,0.6672,35,AD Lane
n2030,n1930,0.6672,60,AE Boulevard
n2030,n2029,0.6634,60,21st Avenue
n2030,n2031,0.6634,60,21st Avenue
n2030,n2130,0.6672,60,AE Boulevard
n2031,n1931,0.6672,35,AF Lane
n2031,n2030,0.6634,60,21st Avenue
n2031,n2032,0.6634,60,21st Avenue
n2031,n2131,0.6672,35,AF Lane
n2032,n1932,0.6672,35,AG Lane
n2032,n2031,0.6634,60,21st Avenue
n2032,n2033,0.6634,60,21st Avenue
n2032,n2132,0.6672,35,AG Lane
n2033,n1933,0.6672,35,AH Lane
n2033,n2032,0.6634,60,21st Avenue
n2033,n2034,0.6634,60,21st Avenue
n2033,n2133,0.6672,35,AH Lane
n2034,n1934,0.6672,35,AI Lane
n2034,n2033,0.6634,60,21st Avenue
n2034,n2035,0.6634,60,21st Avenue
n2034,n2134,0.6672,35,AI Lane
n2035,n1935,0.6672,60,AJ Boulevard
n2035,n2034,0.6634,60,21st Avenue
n2035,n2036,0.6634,60,21st Avenue
n2035,n2135,0.6672,60,AJ Boulevard
n2036,n1936,0.6672,35,AK Lane
n2036,n2035,0.6634,60,21st Avenue
n2036,n2037,0.6634,60,21st Avenue
n2037,n1937,0.6672,35,AL Lane
n2037,n2036,0.6634,60,21st Avenue
n2037,n2038,0.6634,60,21st Avenue
n2037,n2137,0.6672,35,AL Lane
n2038,n1938,0.6672,35,AM Lane
n2038,n2037,0.6634,60,21st Avenue
n2038,n2039,0.6634,60,21st Avenue
n2038,n2138,0.6672,35,AM Lane
n2039,n2038,0.6634,60,21st Avenue
n2039,n2139,0.6672,35,AN Lane
n2039,n1539,3.3359,100,Ring Motorway
n2039,n2539,3.3359,100,Ring Motorway
n2100,n2000,0.6672,60,A Boulevard
n2100,n2101,0.6633,35,22nd Street
n2100,n2200,0.6672,60,A Boulevard
n2101,n2001,0.6672,35,B Lane
n2101,n2100,0.6633,35,22nd Street
n2101,n2102,0.6633,35,22nd Street
n2101,n2201,0.6672,35,B Lane
n2102,n2002,0.6672,35,C Lane
n2102,n2101,0.6633,35,22nd Street
n2102,n2103,0.6633,35,22nd Street
n2102,n2202,0.6672,35,C Lane
n2103,n2003,0.6672,35,D Lane
n2103,n2102,0.6633,35,22nd Street
n2103,n2203,0.6672,35,D Lane
n2104,n2004,0.6672,35,E Lane
n2104,n2105,0.6633,35,22nd Street
n2104,n2204,0.6672,35,E Lane
n2105,n2005,0.6672,60,F Boulevard
n2105,n2104,0.6633,35,22nd Street
n2105,n2106,0.6633,35,22nd Street
n2105,n2205,0.6672,60,F Boulevard
n2106,n2006,0.6672,35,G Lane
n2106,n2105,0.6633,35,22nd Street
n2106,n2107,0.6633,35,22nd Street
n2106,n2206,0.6672,35,G Lane
n2107,n2007,0.6672,35,H Lane
n2107,n2106,0.6633,35,22nd Street
n2107,n2108,0.6633,35,22nd Street
n2107,n2207,0.6672,35,H Lane
n2108,n2008,0.6672,35,I Lane
n2108,n2107,0.6633,35,22nd Street
n2108,n2109,0.6633,35,22nd Street
n2108,n2208,0.6672,35,I Lane
n2109,n2009,0.6672,35,J Lane
n2109,n2108,0.6633,35,22nd Street
n2109,n2110,0.6633,35,22nd Street
n2109,n2209,0.6672,35,J Lane
n2110,n2010,0.6672,60,K Boulevard
n2110,n2109,0.6633,35,22nd Street
n2110,n2111,0.6633,35,22nd Street
n2110,n2210,0.6672,60,K Boulevard
n2111,n2110,0.6633,35,22nd Street
n2111,n2112,0.6633,35,22nd Street
n2111,n2211,0.6672,35,L Lane
n2112,n2012,0.6672,35,M Lane
n2112,n2111,0.6633,35,22nd Street
n2112,n2113,0.6633,35,22nd Street
n2112,n2212,0.6672,35,M Lane
n2113,n2013,0.6672,35,N Lane
n2113,n2112,0.6633,35,22nd Street
n2113,n2114,0.6633,35,22nd Street
n2113,n2213,0.6672,35,N Lane
n2114,n2113,0.6633,35,22nd Street
n2114,n2115,0.6633,35,22nd Street
n2114,n2214,0.6672,35,O Lane
n2115,n2015,0.6672,60,P Boulevard
n2115,n2114,0.6633,35,22nd Street
n2115,n2116,0.6633,35,22nd Street
n2115,n2215,0.6672,60,P Boulevard
n2116,n2016,0.6672,35,Q Lane
n2116,n2115,0.6633,35,22nd Street
n2116,n2117,0.6633,35,22nd Street
n2116,n2216,0.6672,35,Q Lane
n2117,n2017,0.6672,35,R Lane
n2117,n2116,0.6633,35,22nd Street
n2117,n2118,0.6633,35,22nd Street
n2117,n2217,0.6672,35,R Lane
n2118,n2018,0.6672,35,S Lane
n2118,n2117,0.6633,35,22nd Street
n2118,n2119,0.6633,35,22nd Street
n2118,n2218,0.6672,35,S Lane
n2119,n2019,0.6672,35,T Lane
n2119,n2118,0.6633,35,22nd Street
n2119,n2120,0.6633,35,22nd Street
n2119,n2219,0.6672,35,T Lane
n2120,n2020,0.6672,60,U Boulevard
n2120,n2119,0.6633,35,22nd Street
n2120,n2121,0.6633,35,22nd Street
n2120,n2220,0.6672,60,U Boulevard
n2121,n2021,0.6672,35,V Lane
n2121,n2120,0.6633,35,22nd Street
n2121,n2122,0.6633,35,22nd Street
n2121,n2221,0.6672,35,V Lane
n2122,n2022,0.6672,35,W Lane
n2122,n2121,0.6633,35,22nd Street
n2122,n2123,0.6633,35,22nd Street
n2122,n2222,0.6672,35,W Lane
n2123,n2023,0.6672,35,X Lane
n2123,n2122,0.6633,35,22nd Street
n2123,n2124,0.6633,35,22nd Street
n2123,n2223,0.6672,35,X Lane
n2124,n2024,0.6672,35,Y Lane
n2124,n2123,0.6633,35,22nd Street
n2124,n2125,0.6633,35,22nd Street
n2124,n2224,0.6672,35,Y Lane
n2125,n2025,0.6672,60,Z Boulevard
n2125,n2124,0.6633,35,22nd Street
n2125,n2126,0.6633,35,22nd Street
n2125,n2225,0.6672,60,Z Boulevard
n2126,n2026,0.6672,35,AA Lane
n2126,n2125,0.6633,35,22nd Street
n2126,n2127,0.6633,35,22nd Street
n2126,n2226,0.6672,35,AA Lane
n2127,n2027,0.6672,35,AB Lane
n2127,n2126,0.6633,35,22nd Street
n2127,n2227,0.6672,35,AB Lane
n2128,n2028,0.6672,35,AC Lane
n2128,n2129,0.6633,35,22nd Street
n2128,n2228,0.6672,35,AC Lane
n2129,n2029,0.6672,35,AD Lane
n2129,n2128,0.6633,35,22nd Street
n2129,n2229,0.6672,35,AD Lane
n2130,n2030,0.6672,60,AE Boulevard
n2130,n2131,0.6633,35,22nd Street
n2130,n2230,0.6672,60,AE Boulevard
n2131,n2031,0.6672,35,AF Lane
n2131,n2130,0.6633,35,22nd Street
n2131,n2132,0.6633,35,22nd Street
n2131,n2231,0.6672,35,AF Lane
n2132,n2032,0.6672,35,AG Lane
n2132,n2131,0.6633,35,22nd Street
n2132,n2133,0.6633,35,22nd Street
n2132,n2232,0.6672,35,AG Lane
n2133,n2033,0.6672,35,AH Lane
n2133,n2132,0.6633,35,22nd Street
n2133,n2134,0.6633,35,22nd Street
n2133,n2233,0.6672,35,AH Lane
n2134,n2034,0.6672,35,AI Lane
n2134,n2133,0.6633,35,22nd Street
n2134,n2234,0.6672,35,AI Lane
n2135,n2035,0.6672,60,AJ Boulevard
n2135,n2136,0.6633,35,22nd Street
n2135,n2235,0.6672,60,AJ Boulevard
n2136,n2135,0.6633,35,22nd Street
n2136,n2137,0.6633,35,22nd Street
n2136,n2236,0.6672,35,AK Lane
n2137,n2037,0.6672,35,AL Lane
n2137,n2136,0.6633,35,22nd Street
n2137,n2138,0.6633,35,22nd Street
n2137,n2237,0.6672,35,AL Lane
n2138,n2038,0.6672,35,AM Lane
n2138,n2137,0.6633,35,22nd Street
n2138,n2238,0.6672,35,AM Lane
n2139,n2039,0.6672,35,AN Lane
n2139,n2239,0.6672,35,AN Lane
n2200,n2100,0.6672,60,A Boulevard
n2200,n2201,0.6633,35,23rd Street
n2200,n2300,0.6672,60,A Boulevard
n2201,n2101,0.6672,35,B Lane
n2201,n2200,0.6633,35,23rd Street
n2201,n2202,0.6633,35,23rd Street
n2201,n2301,0.6672,35,B Lane
n2202,n2102,0.6672,35,C Lane
n2202,n2201,0.6633,35,23rd Street
n2202,n2203,0.6633,35,23rd Street
n2202,n2302,0.6672,35,C Lane
n2203,n2103,0.6672,35,D Lane
n2203,n2202,0.6633,35,23rd Street
n2203,n2204,0.6633,35,23rd Street
n2203,n2303,0.6672,35,D Lane
n2204,n2104,0.6672,35,E Lane
n2204,n2203,0.6633,35,23rd Street
n2204,n2205,0.6633,35,23rd Street
n2204,n2304,0.6672,35,E Lane
n2205,n2105,0.6672,60,F Boulevard
n2205,n2204,0.6633,35,23rd Street
n2205,n2206,0.6633,35,23rd Street
n2205,n2305,0.6672,60,F Boulevard
n2206,n2106,0.6672,35,G Lane
n2206,n2205,0.6633,35,23rd Street
n2206,n2207,0.6633,35,23rd Street
n2206,n2306,0.6672,35,G Lane
n2207,n2107,0.6672,35,H Lane
n2207,n2206,0.6633,35,23rd Street
n2207,n2208,0.6633,35,23rd Street
n2207,n2307,0.6672,35,H Lane
n2208,n2108,0.6672,35,I Lane
n2208,n2207,0.6633,35,23rd Street
n2208,n2209,0.6633,35,23rd Street
n2208,n2308,0.6672,35,I Lane
n2209,n2109,0.6672,35,J Lane
n2209,n2208,0.6633,35,23rd Street
n2209,n2309,0.6672,35,J Lane
n2210,n2110,0.6672,60,K Boulevard
n2210,n2211,0.6633,35,23rd Street
n2210,n2310,0.6672,60,K Boulevard
n2211,n2111,0.6672,35,L Lane
n2211,n2210,0.6633,35,23rd Street
n2211,n2212,0.6633,35,23rd Street
n2211,n2311,0.6672,35,L Lane
n2212,n2112,0.6672,35,M Lane
n2212,n2211,0.6633,35,23rd Street
n2212,n2312,0.6672,35,M Lane
n2213,n2113,0.6672,35,N Lane
n2213,n2214,0.6633,35,23rd Street
n2213,n2313,0.6672,35,N Lane
n2214,n2114,0.6672,35,O Lane
n2214,n2213,0.6633,35,23rd Street
n2214,n2215,0.6633,35,23rd Street
n2214,n2314,0.6672,35,O Lane
n2215,n2115,0.6672,60,P Boulevard
n2215,n2214,0.6633,35,23rd Street
n2215,n2216,0.6633,35,23rd Street
n2215,n2315,0.6672,60,P Boulevard
n2216,n2116,0.6672,35,Q Lane
n2216,n2215,0.6633,35,23rd Street
n2216,n2217,0.6633,35,23rd Street
n2216,n2316,0.6672,35,Q Lane
n2217,n2117,0.6672,35,R Lane
n2217,n2216,0.6633,35,23rd Street
n2217,n2218,0.6633,35,23rd Street
n2218,n2118,0.6672,35,S Lane
n2218,n2217,0.6633,35,23rd Street
n2218,n2219,0.6633,35,23rd Street
n2218,n2318,0.6672,35,S Lane
n2219,n2119,0.6672,35,T Lane
n2219,n2218,0.6633,35,23rd Street
n2219,n2220,0.6633,35,23rd Street
n2219,n2319,0.6672,35,T Lane
n2220,n2120,0.6672,60,U Boulevard
n2220,n2219,0.6633,35,23rd Street
n2220,n2221,0.6633,35,23rd Street
n2220,n2320,0.6672,60,U Boulevard
n2221,n2121,0.6672,35,V Lane
n2221,n2220,0.6633,35,23rd Street
n2221,n2222,0.6633,35,23rd Street
n2221,n2321,0.6672,35,V Lane
n2222,n2122,0.6672,35,W Lane
n2222,n2221,0.6633,35,23rd Street
n2222,n2223,0.6633,35,23rd Street
n2222,n2322,0.6672,35,W Lane
n2223,n2123,0.6672,35,X Lane
n2223,n2222,0.6633,35,23rd Street
n2223,n2224,0.6633,35,23rd Street
n2223,n2323,0.6672,35,X Lane
n2224,n2124,0.6672,35,Y Lane
n2224,n2223,0.6633,35,23rd Street
n2224,n2225,0.6633,35,23rd Street
n2224,n2324,0.6672,35,Y Lane
n2225,n2125,0.6672,60,Z Boulevard
n2225,n2224,0.6633,35,23rd Street
n2225,n2226,0.6633,35,23rd Street
n2225,n2325,0.6672,60,Z Boulevard
n2226,n2126,0.6672,35,AA Lane
n2226,n2225,0.6633,35,23rd Street
n2226,n2227,0.6633,35,23rd Street
n2226,n2326,0.6672,35,AA Lane
n2227,n2127,0.6672,35,AB Lane
n2227,n2226,0.6633,35,23rd Street
n2227,n2228,0.6633,35,23rd Street
n2227,n2327,0.6672,35,AB Lane
n2228,n2128,0.6672,35,AC Lane
n2228,n2227,0.6633,35,23rd Street
n2228,n2229,0.6633,35,23rd Street
n2228,n2328,0.6672,35,AC Lane
n2229,n2129,0.6672,35,AD Lane
n2229,n2228,0.6633,35,23rd Street
n2229,n2230,0.6633,35,23rd Street
n2229,n2329,0.6672,35,AD Lane
n2230,n2130,0.6672,60,AE Boulevard
n2230,n2229,0.6633,35,23rd Street
n2230,n2231,0.6633,35,23rd Street
n2230,n2330,0.6672,60,AE Boulevard
n2231,n2131,0.6672,35,AF Lane
n2231,n2230,0.6633,35,23rd Street
n2231,n2232,0.6633,35,23rd Street
n2231,n2331,0.6672,35,AF Lane
n2232,n2132,0.6672,35,AG Lane
n2232,n2231,0.6633,35,23rd Street
n2232,n2233,0.6633,35,23rd Street
n2232,n2332,0.6672,35,AG Lane
n2233,n2133,0.6672,35,AH Lane
n2233,n2232,0.6633,35,23rd Street
n2233,n2234,0.6633,35,23rd Street
n2233,n2333,0.6672,35,AH Lane
n2234,n2134,0.6672,35,AI Lane
n2234,n2233,0.6633,35,23rd Street
n2234,n2235,0.6633,35,23rd Street
n2234,n2334,0.6672,35,AI Lane
n2235,n2135,0.6672,60,AJ Boulevard
n2235,n2234,0.6633,35,23rd Street
n2235,n2236,0.6633,35,23rd Street
n2235,n2335,0.6672,60,AJ Boulevard
n2236,n2136,0.6672,35,AK Lane
n2236,n2235,0.6633,35,23rd Street
n2236,n2237,0.6633,35,23rd Street
n2236,n2336,0.6672,35,AK Lane
n2237,n2137,0.6672,35,AL Lane
n2237,n2236,0.6633,35,23rd Street
n2237,n2238,0.6633,35,23rd Street
n2237,n2337,0.6672,35,AL Lane
n2238,n2138,0.6672,35,AM Lane
n2238,n2237,0.6633,35,23rd Street
n2238,n2239,0.6633,35,23rd Street
n2238,n2338,0.6672,35,AM Lane
n2239,n2139,0.6672,35,AN Lane
n2239,n2238,0.6633,35,23rd Street
n2239,n2339,0.6672,35,AN Lane
n2300,n2200,0.6672,60,A Boulevard
n2300,n2400,0.6672,60,A Boulevard
n2301,n2201,0.6672,35,B Lane
n2301,n2302,0.6633,35,24th Street
n2301,n2401,0.6672,35,B Lane
n2302,n2202,0.6672,35,C Lane
n2302,n2301,0.6633,35,24th Street
n2302,n2303,0.6633,35,24th Street
n2303,n2203,0.6672,35,D Lane
n2303,n2302,0.6633,35,24th Street
n2303,n2304,0.6633,35,24th Street
n2304,n2204,0.6672,35,E Lane
n2304,n2303,0.6633,35,24th Street
n2304,n2305,0.6633,35,24th Street
n2304,n2404,0.6672,35,E Lane
n2305,n2205,0.6672,60,F Boulevard
n2305,n2304,0.6633,35,24th Street
n2305,n2306,0.6633,35,24th Street
n2305,n2405,0.6672,60,F Boulevard
n2306,n2206,0.6672,35,G Lane
n2306,n2305,0.6633,35,24th Street
n2306,n2307,0.6633,35,24th Street
n2306,n2406,0.6672,35,G Lane
n2307,n2207,0.6672,35,H Lane
n2307,n2306,0.6633,35,24th Street
n2307,n2308,0.6633,35,24th Street
n2307,n2407,0.6672,35,H Lane
n2308,n2208,0.6672,35,I Lane
n2308,n2307,0.6633,35,24th Street
n2308,n2309,0.6633,35,24th Street
n2308,n2408,0.6672,35,I Lane
n2309,n2209,0.6672,35,J Lane
n2309,n2308,0.6633,35,24th Street
n2309,n2409,0.6672,35,J Lane
n2310,n2210,0.6672,60,K Boulevard
n2310,n2311,0.6633,35,24th Street
n2310,n2410,0.6672,60,K Boulevard
n2311,n2211,0.6672,35,L Lane
n2311,n2310,0.6633,35,24th Street
n2311,n2312,0.6633,35,24th Street
n2312,n2212,0.6672,35,M Lane
n2312,n2311,0.6633,35,24th Street
n2312,n2313,0.6633,35,24th Street
n2312,n2412,0.6672,35,M Lane
n2313,n2213,0.6672,35,N Lane
n2313,n2312,0.6633,35,24th Street
n2313,n2314,0.6633,35,24th Street
n2313,n2413,0.6672,35,N Lane
n2314,n2214,0.6672,35,O Lane
n2314,n2313,0.6633,35,24th Street
n2314,n2315,0.6633,35,24th Street
n2314,n2414,0.6672,35,O Lane
n2315,n2215,0.6672,60,P Boulevard
n2315,n2314,0.6633,35,24th Street
n2315,n2316,0.6633,35,24th Street
n2315,n2415,0.6672,60,P Boulevard
n2316,n2216,0.6672,35,Q Lane
n2316,n2315,0.6633,35,24th Street
n2316,n2317,0.6633,35,24th Street
n2316,n2416,0.6672,35,Q Lane
n2317,n2316,0.6633,35,24th Street
n2317,n2318,0.6633,35,24th Street
n2317,n2417,0.6672,35,R Lane
n2318,n2218,0.6672,35,S Lane
n2318,n2317,0.6633,35,24th Street
n2318,n2319,0.6633,35,24th Street
n2318,n2418,0.6672,35,S Lane
n2319,n2219,0.6672,35,T Lane
n2319,n2318,0.6633,35,24th Street
n2319,n2320,0.6633,35,24th Street
n2319,n2419,0.6672,35,T Lane
n2320,n2220,0.6672,60,U Boulevard
n2320,n2319,0.6633,35,24th Street
n2320,n2321,0.6633,35,24th Street
n2320,n2420,0.6672,60,U Boulevard
n2321,n2221,0.6672,35,V Lane
n2321,n2320,0.6633,35,24th Street
n2321,n2322,0.6633,35,24th Street
n2321,n2421,0.6672,35,V Lane
n2322,n2222,0.6672,35,W Lane
n2322,n2321,0.6633,35,24th Street
n2322,n2323,0.6633,35,24th Street
n2322,n2422,0.6672,35,W Lane
n2323,n2223,0.6672,35,X Lane
n2323,n2322,0.6633,35,24th Street
n2323,n2324,0.6633,35,24th Street
n2323,n2423,0.6672,35,X Lane
n2324,n2224,0.6672,35,Y Lane
n2324,n2323,0.6633,35,24th Street
n2324,n2325,0.6633,35,24th Street
n2324,n2424,0.6672,35,Y Lane
n2325,n2225,0.6672,60,Z Boulevard
n2325,n2324,0.6633,35,24th Street
n2325,n2326,0.6633,35,24th Street
n2325,n2425,0.6672,60,Z Boulevard
n2326,n2226,0.6672,35,AA Lane
n2326,n2325,0.6633,35,24th Street
n2326,n2327,0.6633,35,24th Street
n2326,n2426,0.6672,35,AA Lane
n2327,n2227,0.6672,35,AB Lane
n2327,n2326,0.6633,35,24th Street
n2327,n2328,0.6633,35,24th Street
n2327,n2427,0.6672,35,AB Lane
n2328,n2228,0.6672,35,AC Lane
n2328,n2327,0.6633,35,24th Street
n2328,n2428,0.6672,35,AC Lane
n2329,n2229,0.6672,35,AD Lane
n2329,n2330,0.6633,35,24th Street
n2329,n2429,0.6672,35,AD Lane
n2330,n2230,0.6672,60,AE Boulevard
n2330,n2329,0.6633,35,24th Street
n2330,n2331,0.6633,35,24th Street
n2330,n2430,0.6672,60,AE Boulevard
n2331,n2231,0.6672,35,AF Lane
n2331,n2330,0.6633,35,24th Street
n2331,n2332,0.6633,35,24th Street
n2331,n2431,0.6672,35,AF Lane
n2332,n2232,0.6672,35,AG Lane
n2332,n2331,0.6633,35,24th Street
n2332,n2333,0.6633,35,24th Street
n2332,n2432,0.6672,35,AG Lane
n2333,n2233,0.6672,35,AH Lane
n2333,n2332,0.6633,35,24th Street
n2333,n2334,0.6633,35,24th Street
n2333,n2433,0.6672,35,AH Lane
n2334,n2234,0.6672,35,AI Lane
n2334,n2333,0.6633,35,24th Street
n2334,n2335,0.6633,35,24th Street
n2334,n2434,0.6672,35,AI Lane
n2335,n2235,0.6672,60,AJ Boulevard
n2335,n2334,0.6633,35,24th Street
n2335,n2336,0.6633,35,24th Street
n2335,n2435,0.6672,60,AJ Boulevard
n2336,n2236,0.6672,35,AK Lane
n2336,n2335,0.6633,35,24th Street
n2336,n2337,0.6633,35,24th Street
n2336,n2436,0.6672,35,AK Lane
n2337,n2237,0.6672,35,AL Lane
n2337,n2336,0.6633,35,24th Street
n2337,n2338,0.6633,35,24th Street
n2337,n2437,0.6672,35,AL Lane
n2338,n2238,0.6672,35,AM Lane
n2338,n2337,0.6633,35,24th Street
n2338,n2339,0.6633,35,24th Street
n2338,n2438,0.6672,35,AM Lane
n2339,n2239,0.6672,35,AN Lane
n2339,n2338,0.6633,35,24th Street
n2339,n2439,0.6672,35,AN Lane
n2400,n2300,0.6672,60,A Boulevard
n2400,n2500,0.6672,60,A Boulevard
n2400,n2900,3.3359,100,Ring Motorway
n2400,n1900,3.3359,100,Ring Motorway
n2401,n2301,0.6672,35,B Lane
n2401,n2402,0.6632,35,25th Street
n2401,n2501,0.6672,35,B Lane
n2402,n2401,0.6632,35,25th Street
n2402,n2403,0.6632,35,25th Street
n2402,n2502,0.6672,35,C Lane
n2403,n2402,0.6632,35,25th Street
n2403,n2404,0.6632,35,25th Street
n2403,n2503,0.6672,35,D Lane
n2404,n2304,0.6672,35,E Lane
n2404,n2403,0.6632,35,25th Street
n2404,n2405,0.6632,35,25th Street
n2404,n2504,0.6672,35,E Lane
n2405,n2305,0.6672,60,F Boulevard
n2405,n2404,0.6632,35,25th Street
n2405,n2505,0.6672,60,F Boulevard
n2406,n2306,0.6672,35,G Lane
n2406,n2407,0.6632,35,25th Street
n2406,n2506,0.6672,35,G Lane
n2407,n2307,0.6672,35,H Lane
n2407,n2406,0.6632,35,25th Street
n2407,n2408,0.6632,35,25th Street
n2407,n2507,0.6672,35,H Lane
n2408,n2308,0.6672,35,I Lane
n2408,n2407,0.6632,35,25th Street
n2408,n2409,0.6632,35,25th Street
n2408,n2508,0.6672,35,I Lane
n2409,n2309,0.6672,35,J Lane
n2409,n2408,0.6632,35,25th Street
n2409,n2410,0.6632,35,25th Street
n2409,n2509,0.6672,35,J Lane
n2410,n2310,0.6672,60,K Boulevard
n2410,n2409,0.6632,35,25th Street
n2410,n2411,0.6632,35,25th Street
n2410,n2510,0.6672,60,K Boulevard
n2411,n2410,0.6632,35,25th Street
n2411,n2412,0.6632,35,25th Street
n2411,n2511,0.6672,35,L Lane
n2412,n2312,0.6672,35,M Lane
n2412,n2411,0.6632,35,25th Street
n2412,n2512,0.6672,35,M Lane
n2413,n2313,0.6672,35,N Lane
n2413,n2414,0.6632,35,25th Street
n2413,n2513,0.6672,35,N Lane
n2414,n2314,0.6672,35,O Lane
n2414,n2413,0.6632,35,25th Street
n2414,n2415,0.6632,35,25th Street
n2414,n2514,0.6672,35,O Lane
n2415,n2315,0.6672,60,P Boulevard
n2415,n2414,0.6632,35,25th Street
n2415,n2416,0.6632,35,25th Street
n2415,n2515,0.6672,60,P Boulevard
n2416,n2316,0.6672,35,Q Lane
n2416,n2415,0.6632,35,25th Street
n2416,n2417,0.6632,35,25th Street
n2416,n2516,0.6672,35,Q Lane
n2417,n2317,0.6672,35,R Lane
n2417,n2416,0.6632,35,25th Street
n2417,n2418,0.6632,35,25th Street
n2417,n2517,0.6672,35,R Lane
n2418,n2318,0.6672,35,S Lane
n2418,n2417,0.6632,35,25th Street
n2418,n2419,0.6632,35,25th Street
n2418,n2518,0.6672,35,S Lane
n2419,n2319,0.6672,35,T Lane
n2419,n2418,0.6632,35,25th Street
n2419,n2420,0.6632,35,25th Street
n2419,n2519,0.6672,35,T Lane
n2420,n2320,0.6672,60,U Boulevard
n2420,n2419,0.6632,35,25th Street
n2420,n2421,0.6632,35,25th Street
n2420,n2520,0.6672,60,U Boulevard
n2421,n2321,0.6672,35,V Lane
n2421,n2420,0.6632,35,25th Street
n2421,n2422,0.6632,35,25th Street
n2421,n2521,0.6672,35,V Lane
n2422,n2322,0.6672,35,W Lane
n2422,n2421,0.6632,35,25th Street
n2422,n2423,0.6632,35,25th Street
n2422,n2522,0.6672,35,W Lane
n2423,n2323,0.6672,35,X Lane
n2423,n2422,0.6632,35,25th Street
n2423,n2424,0.6632,35,25th Street
n2423,n2523,0.6672,35,X Lane
n2424,n2324,0.6672,35,Y Lane
n2424,n2423,0.6632,35,25th Street
n2424,n2425,0.6632,35,25th Street
n2424,n2524,0.6672,35,Y Lane
n2425,n2325,0.6672,60,Z Boulevard
n2425,n2424,0.6632,35,25th Street
n2425,n2426,0.6632,35,25th Street
n2425,n2525,0.6672,60,Z Boulevard
n2426,n2326,0.6672,35,AA Lane
n2426,n2425,0.6632,35,25th Street
n2426,n2427,0.6632,35,25th Street
n2426,n2526,0.6672,35,AA Lane
n2427,n2327,0.6672,35,AB Lane
n2427,n2426,0.6632,35,25th Street
n2427,n2428,0.6632,35,25th Street
n2427,n2527,0.6672,35,AB Lane
n2428,n2328,0.6672,35,AC Lane
n2428,n2427,0.6632,35,25th Street
n2428,n2429,0.6632,35,25th Street
n2428,n2528,0.6672,35,AC Lane
n2429,n2329,0.6672,35,AD Lane
n2429,n2428,0.6632,35,25th Street
n2429,n2430,0.6632,35,25th Street
n2429,n2529,0.6672,35,AD Lane
n2430,n2330,0.6672,60,AE Boulevard
n2430,n2429,0.6632,35,25th Street
n2430,n2431,0.6632,35,25th Street
n2430,n2530,0.6672,60,AE Boulevard
n2431,n2331,0.6672,35,AF Lane
n2431,n2430,0.6632,35,25th Street
n2431,n2432,0.6632,35,25th Street
n2431,n2531,0.6672,35,AF Lane
n2432,n2332,0.6672,35,AG Lane
n2432,n2431,0.6632,35,25th Street
n2432,n2433,0.6632,35,25th Street
n2432,n2532,0.6672,35,AG Lane
n2433,n2333,0.6672,35,AH Lane
n2433,n2432,0.6632,35,25th Street
n2433,n2434,0.6632,35,25th Street
n2433,n2533,0.6672,35,AH Lane
n2434,n2334,0.6672,35,AI Lane
n2434,n2433,0.6632,35,25th Street
n2434,n2435,0.6632,35,25th Street
n2435,n2335,0.6672,60,AJ Boulevard
n2435,n2434,0.6632,35,25th Street
n2435,n2436,0.6632,35,25th Street
n2435,n2535,0.6672,60,AJ Boulevard
n2436,n2336,0.6672,35,AK Lane
n2436,n2435,0.6632,35,25th Street
n2436,n2437,0.6632,35,25th Street
n2436,n2536,0.6672,35,AK Lane
n2437,n2337,0.6672,35,AL Lane
n2437,n2436,0.6632,35,25th Street
n2437,n2438,0.6632,35,25th Street
n2437,n2537,0.6672,35,AL Lane
n2438,n2338,0.6672,35,AM Lane
n2438,n2437,0.6632,35,25th Street
n2438,n2439,0.6632,35,25th Street
n2438,n2538,0.6672,35,AM Lane
n2439,n2339,0.6672,35,AN Lane
n2439,n2438,0.6632,35,25th Street
n2439,n2539,0.6672,35,AN Lane
n2500,n2400,0.6672,60,A Boulevard
n2500,n2501,0.6632,60,26th Avenue
n2500,n2600,0.6672,60,A Boulevard
n2501,n2401,0.6672,35,B Lane
n2501,n2500,0.6632,60,26th Avenue
n2501,n2502,0.6632,60,26th Avenue
n2501,n2601,0.6672,35,B Lane
n2502,n2402,0.6672,35,C Lane
n2502,n2501,0.6632,60,26th Avenue
n2502,n2503,0.6632,60,26th Avenue
n2502,n2602,0.6672,35,C Lane
n2503,n2403,0.6672,35,D Lane
n2503,n2502,0.6632,60,26th Avenue
n2503,n2504,0.6632,60,26th Avenue
n2503,n2603,0.6672,35,D Lane
n2504,n2404,0.6672,35,E Lane
n2504,n2503,0.6632,60,26th Avenue
n2504,n2505,0.6632,60,26th Avenue
n2504,n2604,0.6672,35,E Lane
n2505,n2405,0.6672,60,F Boulevard
n2505,n2504,0.6632,60,26th Avenue
n2505,n2506,0.6632,60,26th Avenue
n2505,n2605,0.6672,60,F Boulevard
n2506,n2406,0.6672,35,G Lane
n2506,n2505,0.6632,60,26th Avenue
n2506,n2507,0.6632,60,26th Avenue
n2506,n2606,0.6672,35,G Lane
n2507,n2407,0.6672,35,H Lane
n2507,n2506,0.6632,60,26th Avenue
n2507,n2508,0.6632,60,26th Avenue
n2507,n2607,0.6672,35,H Lane
n2508,n2408,0.6672,35,I Lane
n2508,n2507,0.6632,60,26th Avenue
n2508,n2509,0.6632,60,26th Avenue
n2508,n2608,0.6672,35,I Lane
n2509,n2409,0.6672,35,J Lane
n2509,n2508,0.6632,60,26th Avenue
n2509,n2510,0.6632,60,26th Avenue
n2509,n2609,0.6672,35,J Lane
n2510,n2410,0.6672,60,K Boulevard
n2510,n2509,0.6632,60,26th Avenue
n2510,n2511,0.6632,60,26th Avenue
n2510,n2610,0.6672,60,K Boulevard
n2511,n2411,0.6672,35,L Lane
n2511,n2510,0.6632,60,26th Avenue
n2511,n2512,0.6632,60,26th Avenue
n2511,n2611,0.6672,35,L Lane
n2512,n2412,0.6672,35,M Lane
n2512,n2511,0.6632,60,26th Avenue
n2512,n2513,0.6632,60,26th Avenue
n2513,n2413,0.6672,35,N Lane
n2513,n2512,0.6632,60,26th Avenue
n2513,n2514,0.6632,60,26th Avenue
n2513,n2613,0.6672,35,N Lane
n2514,n2414,0.6672,35,O Lane
n2514,n2513,0.6632,60,26th Avenue
n2514,n2515,0.6632,60,26th Avenue
n2514,n2614,0.6672,35,O Lane
n2515,n2415,0.6672,60,P Boulevard
n2515,n2514,0.6632,60,26th Avenue
n2515,n2516,0.6632,60,26th Avenue
n2515,n2615,0.6672,60,P Boulevard
n2516,n2416,0.6672,35,Q Lane
n2516,n2515,0.6632,60,26th Avenue
n2516,n2517,0.6632,60,26th Avenue
n2516,n2616,0.6672,35,Q Lane
n2517,n2417,0.6672,35,R Lane
n2517,n2516,0.6632,60,26th Avenue
n2517,n2518,0.6632,60,26th Avenue
n2517,n2617,0.6672,35,R Lane
n2518,n2418,0.6672,35,S Lane
n2518,n2517,0.6632,60,26th Avenue
n2518,n2519,0.6632,60,26th Avenue
n2518,n2618,0.6672,35,S Lane
n2519,n2419,0.6672,35,T Lane
n2519,n2518,0.6632,60,26th Avenue
n2519,n2520,0.6632,60,26th Avenue
n2519,n2619,0.6672,35,T Lane
n2520,n2420,0.6672,60,U Boulevard
n2520,n2519,0.6632,60,26th Avenue
n2520,n2521,0.6632,60,26th Avenue
n2520,n2620,0.6672,60,U Boulevard
n2521,n2421,0.6672,35,V Lane
n2521,n2520,0.6632,60,26th Avenue
n2521,n2522,0.6632,60,26th Avenue
n2521,n2621,0.6672,35,V Lane
n2522,n2422,0.6672,35,W Lane
n2522,n2521,0.6632,60,26th Avenue
n2522,n2523,0.6632,60,26th Avenue
n2522,n2622,0.6672,35,W Lane
n2523,n2423,0.6672,35,X Lane
n2523,n2522,0.6632,60,26th Avenue
n2523,n2524,0.6632,60,26th Avenue
n2523,n2623,0.6672,35,X Lane
n2524,n2424,0.6672,35,Y Lane
n2524,n2523,0.6632,60,26th Avenue
n2524,n2525,0.6632,60,26th Avenue
n2524,n2624,0.6672,35,Y Lane
n2525,n2425,0.6672,60,Z Boulevard
n2525,n2524,0.6632,60,26th Avenue
n2525,n2526,0.6632,60,26th Avenue
n2525,n2625,0.6672,60,Z Boulevard
n2526,n2426,0.6672,35,AA Lane
n2526,n2525,0.6632,60,26th Avenue
n2526,n2527,0.6632,60,26th Avenue
n2526,n2626,0.6672,35,AA Lane
n2527,n2427,0.6672,35,AB Lane
n2527,n2526,0.6632,60,26th Avenue
n2527,n2528,0.6632,60,26th Avenue
n2527,n2627,0.6672,35,AB Lane
n2528,n2428,0.6672,35,AC Lane
n2528,n2527,0.6632,60,26th Avenue
n2528,n2529,0.6632,60,26th Avenue
n2528,n2628,0.6672,35,AC Lane
n2529,n2429,0.6672,35,AD Lane
n2529,n2528,0.6632,60,26th Avenue
n2529,n2530,0.6632,60,26th Avenue
n2529,n2629,0.6672,35,AD Lane
n2530,n2430,0.6672,60,AE Boulevard
n2530,n2529,0.6632,60,26th Avenue
n2530,n2531,0.6632,60,26th Avenue
n2530,n2630,0.6672,60,AE Boulevard
n2531,n2431,0.6672,35,AF Lane
n2531,n2530,0.6632,60,26th Avenue
n2531,n2532,0.6632,60,26th Avenue
n2531,n2631,0.6672,35,AF Lane
n2532,n2432,0.6672,35,AG Lane
n2532,n2531,0.6632,60,26th Avenue
n2532,n2533,0.6632,60,26th Avenue
n2533,n2433,0.6672,35,AH Lane
n2533,n2532,0.6632,60,26th Avenue
n2533,n2534,0.6632,60,26th Avenue
n2533,n2633,0.6672,35,AH Lane
n2534,n2533,0.6632,60,26th Avenue
n2534,n2535,0.6632,60,26th Avenue
n2534,n2634,0.6672,35,AI Lane
n2535,n2435,0.6672,60,AJ Boulevard
n2535,n2534,0.6632,60,26th Avenue
n2535,n2536,0.6632,60,26th Avenue
n2535,n2635,0.6672,60,AJ Boulevard
n2536,n2436,0.6672,35,AK Lane
n2536,n2535,0.6632,60,26th Avenue
n2536,n2537,0.6632,60,26th Avenue
n2537,n2437,0.6672,35,AL Lane
n2537,n2536,0.6632,60,26th Avenue
n2537,n2538,0.6632,60,26th Avenue
n2537,n2637,0.6672,35,AL Lane
n2538,n2438,0.6672,35,AM Lane
n2538,n2537,0.6632,60,26th Avenue
n2538,n2539,0.6632,60,26th Avenue
n2538,n2638,0.6672,35,AM Lane
n2539,n2439,0.6672,35,AN Lane
n2539,n2538,0.6632,60,26th Avenue
n2539,n2639,0.6672,35,AN Lane
n2539,n2039,3.3359,100,Ring Motorway
n2539,n3039,3.3359,100,Ring Motorway
n2600,n2500,0.6672,60,A Boulevard
n2600,n2601,0.6631,35,27th Street
n2600,n2700,0.6672,60,A Boulevard
n2601,n2501,0.6672,35,B Lane
n2601,n2600,0.6631,35,27th Street
n2601,n2602,0.6631,35,27th Street
n2602,n2502,0.6672,35,C Lane
n2602,n2601,0.6631,35,27th Street
n2602,n2603,0.6631,35,27th Street
n2602,n2702,0.6672,35,C Lane
n2603,n2503,0.6672,35,D Lane
n2603,n2602,0.6631,35,27th Street
n2603,n2604,0.6631,35,27th Street
n2603,n2703,0.6672,35,D Lane
n2604,n2504,0.6672,35,E Lane
n2604,n2603,0.6631,35,27th Street
n2604,n2704,0.6672,35,E Lane
n2605,n2505,0.6672,60,F Boulevard
n2605,n2606,0.6631,35,27th Street
n2605,n2705,0.6672,60,F Boulevard
n2606,n2506,0.6672,35,G Lane
n2606,n2605,0.6631,35,27th Street
n2606,n2607,0.6631,35,27th Street
n2606,n2706,0.6672,35,G Lane
n2607,n2507,0.6672,35,H Lane
n2607,n2606,0.6631,35,27th Street
n2607,n2608,0.6631,35,27th Street
n2607,n2707,0.6672,35,H Lane
n2608,n2508,0.6672,35,I Lane
n2608,n2607,0.6631,35,27th Street
n2608,n2609,0.6631,35,27th Street
n2608,n2708,0.6672,35,I Lane
n2609,n2509,0.6672,35,J Lane
n2609,n2608,0.6631,35,27th Street
n2609,n2610,0.6631,35,27th Street
n2610,n2510,0.6672,60,K Boulevard
n2610,n2609,0.6631,35,27th Street
n2610,n2611,0.6631,35,27th Street
n2610,n2710,0.6672,60,K Boulevard
n2611,n2511,0.6672,35,L Lane
n2611,n2610,0.6631,35,27th Street
n2611,n2711,0.6672,35,L Lane
n2612,n2613,0.6631,35,27th Street
n2613,n2513,0.6672,35,N Lane
n2613,n2614,0.6631,35,27th Street
n2613,n2713,0.6672,35,N Lane
n2613,n2612,0.6631,35,27th Street
n2614,n2514,0.6672,35,O Lane
n2614,n2613,0.6631,35,27th Street
n2614,n2615,0.6631,35,27th Street
n2614,n2714,0.6672,35,O Lane
n2615,n2515,0.6672,60,P Boulevard
n2615,n2614,0.6631,35,27th Street
n2615,n2616,0.6631,35,27th Street
n2615,n2715,0.6672,60,P Boulevard
n2616,n2516,0.6672,35,Q Lane
n2616,n2615,0.6631,35,27th Street
n2616,n2617,0.6631,35,27th Street
n2617,n2517,0.6672,35,R Lane
n2617,n2616,0.6631,35,27th Street
n2617,n2618,0.6631,35,27th Street
n2617,n2717,0.6672,35,R Lane
n2618,n2518,0.6672,35,S Lane
n2618,n2617,0.6631,35,27th Street
n2618,n2718,0.6672,35,S Lane
n2619,n2519,0.6672,35,T Lane
n2619,n2620,0.6631,35,27th Street
n2619,n2719,0.6672,35,T Lane
n2620,n2520,0.6672,60,U Boulevard
n2620,n2619,0.6631,35,27th Street
n2620,n2621,0.6631,35,27th Street
n2620,n2720,0.6672,60,U Boulevard
n2621,n2521,0.6672,35,V Lane
n2621,n2620,0.6631,35,27th Street
n2621,n2721,0.6672,35,V Lane
n2622,n2522,0.6672,35,W Lane
n2622,n2623,0.6631,35,27th Street
n2623,n2523,0.6672,35,X Lane
n2623,n2622,0.6631,35,27th Street
n2623,n2624,0.6631,35,27th Street
n2623,n2723,0.6672,35,X Lane
n2624,n2524,0.6672,35,Y Lane
n2624,n2623,0.6631,35,27th Street
n2624,n2724,0.6672,35,Y Lane
n2625,n2525,0.6672,60,Z Boulevard
n2625,n2626,0.6631,35,27th Street
n2625,n2725,0.6672,60,Z Boulevard
n2626,n2526,0.6672,35,AA Lane
n2626,n2625,0.6631,35,27th Street
n2626,n2627,0.6631,35,27th Street
n2626,n2726,0.6672,35,AA Lane
n2627,n2527,0.6672,35,AB Lane
n2627,n2626,0.6631,35,27th Street
n2627,n2628,0.6631,35,27th Street
n2627,n2727,0.6672,35,AB Lane
n2628,n2528,0.6672,35,AC Lane
n2628,n2627,0.6631,35,27th Street
n2628,n2629,0.6631,35,27th Street
n2628,n2728,0.6672,35,AC Lane
n2629,n2529,0.6672,35,AD Lane
n2629,n2628,0.6631,35,27th Street
n2629,n2630,0.6631,35,27th Street
n2629,n2729,0.6672,35,AD Lane
n2630,n2530,0.6672,60,AE Boulevard
n2630,n2629,0.6631,35,27th Street
n2630,n2631,0.6631,35,27th Street
n2630,n2730,0.6672,60,AE Boulevard
n2631,n2531,0.6672,35,AF Lane
n2631,n2630,0.6631,35,27th Street
n2631,n2632,0.6631,35,27th Street
n2631,n2731,0.6672,35,AF Lane
n2632,n2631,0.6631,35,27th Street
n2632,n2633,0.6631,35,27th Street
n2632,n2732,0.6672,35,AG Lane
n2633,n2533,0.6672,35,AH Lane
n2633,n2632,0.6631,35,27th Street
n2633,n2634,0.6631,35,27th Street
n2633,n2733,0.6672,35,AH Lane
n2634,n2534,0.6672,35,AI Lane
n2634,n2633,0.6631,35,27th Street
n2634,n2635,0.6631,35,27th Street
n2635,n2535,0.6672,60,AJ Boulevard
n2635,n2634,0.6631,35,27th Street
n2635,n2636,0.6631,35,27th Street
n2635,n2735,0.6672,60,AJ Boulevard
n2636,n2635,0.6631,35,27th Street
n2636,n2637,0.6631,35,27th Street
n2636,n2736,0.6672,35,AK Lane
n2637,n2537,0.6672,35,AL Lane
n2637,n2636,0.6631,35,27th Street
n2637,n2638,0.6631,35,27th Street
n2637,n2737,0.6672,35,AL Lane
n2638,n2538,0.6672,35,AM Lane
n2638,n2637,0.6631,35,27th Street
n2638,n2639,0.6631,35,27th Street
n2638,n2738,0.6672,35,AM Lane
n2639,n2539,0.6672,35,AN Lane
n2639,n2638,0.6631,35,27th Street
n2639,n2739,0.6672,35,AN Lane
n2700,n2600,0.6672,60,A Boulevard
n2700,n2701,0.6631,35,28th Street
n2700,n2800,0.6672,60,A Boulevard
n2701,n2700,0.6631,35,28th Street
n2701,n2702,0.6631,35,28th Street
n2701,n2801,0.6672,35,B Lane
n2702,n2602,0.6672,35,C Lane
n2702,n2701,0.6631,35,28th Street
n2702,n2703,0.6631,35,28th Street
n2702,n2802,0.6672,35,C Lane
n2703,n2603,0.6672,35,D Lane
n2703,n2702,0.6631,35,28th Street
n2703,n2704,0.6631,35,28th Street
n2704,n2604,0.6672,35,E Lane
n2704,n2703,0.6631,35,28th Street
n2704,n2705,0.6631,35,28th Street
n2704,n2804,0.6672,35,E Lane
n2705,n2605,0.6672,60,F Boulevard
n2705,n2704,0.6631,35,28th Street
n2705,n2706,0.6631,35,28th Street
n2705,n2805,0.6672,60,F Boulevard
n2706,n2606,0.6672,35,G Lane
n2706,n2705,0.6631,35,28th Street
n2706,n2707,0.6631,35,28th Street
n2706,n2806,0.6672,35,G Lane
n2707,n2607,0.6672,35,H Lane
n2707,n2706,0.6631,35,28th Street
n2707,n2708,0.6631,35,28th Street
n2707,n2807,0.6672,35,H Lane
n2708,n2608,0.6672,35,I Lane
n2708,n2707,0.6631,35,28th Street
n2708,n2709,0.6631,35,28th Street
n2708,n2808,0.6672,35,I Lane
n2709,n2708,0.6631,35,28th Street
n2709,n2710,0.6631,35,28th Street
n2709,n2809,0.6672,35,J Lane
n2710,n2610,0.6672,60,K Boulevard
n2710,n2709,0.6631,35,28th Street
n2710,n2711,0.6631,35,28th Street
n2710,n2810,0.6672,60,K Boulevard
n2711,n2611,0.6672,35,L Lane
n2711,n2710,0.6631,35,28th Street
n2711,n2712,0.6631,35,28th Street
n2711,n2811,0.6672,35,L Lane
n2712,n2711,0.6631,35,28th Street
n2712,n2713,0.6631,35,28th Street
n2713,n2613,0.6672,35,N Lane
n2713,n2712,0.6631,35,28th Street
n2713,n2714,0.6631,35,28th Street
n2713,n2813,0.6672,35,N Lane
n2714,n2614,0.6672,35,O Lane
n2714,n2713,0.6631,35,28th Street
n2714,n2715,0.6631,35,28th Street
n2714,n2814,0.6672,35,O Lane
n2715,n2615,0.6672,60,P Boulevard
n2715,n2714,0.6631,35,28th Street
n2715,n2716,0.6631,35,28th Street
n2715,n2815,0.6672,60,P Boulevard
n2716,n2715,0.6631,35,28th Street
n2716,n2717,0.6631,35,28th Street
n2716,n2816,0.6672,35,Q Lane
n2717,n2617,0.6672,35,R Lane
n2717,n2716,0.6631,35,28th Street
n2717,n2718,0.6631,35,28th Street
n2717,n2817,0.6672,35,R Lane
n2718,n2618,0.6672,35,S Lane
n2718,n2717,0.6631,35,28th Street
n2718,n2719,0.6631,35,28th Street
n2718,n2818,0.6672,35,S Lane
n2719,n2619,0.6672,35,T Lane
n2719,n2718,0.6631,35,28th Street
n2719,n2720,0.6631,35,28th Street
n2720,n2620,0.6672,60,U Boulevard
n2720,n2719,0.6631,35,28th Street
n2720,n2721,0.6631,35,28th Street
n2720,n2820,0.6672,60,U Boulevard
n2721,n2621,0.6672,35,V Lane
n2721,n2720,0.6631,35,28th Street
n2721,n2722,0.6631,35,28th Street
n2721,n2821,0.6672,35,V Lane
n2722,n2721,0.6631,35,28th Street
n2722,n2723,0.6631,35,28th Street
n2722,n2822,0.6672,35,W Lane
n2723,n2623,0.6672,35,X Lane
n2723,n2722,0.6631,35,28th Street
n2723,n2724,0.6631,35,28th Street
n2723,n2823,0.6672,35,X Lane
n2724,n2624,0.6672,35,Y Lane
n2724,n2723,0.6631,35,28th Street
n2724,n2725,0.6631,35,28th Street
n2724,n2824,0.6672,35,Y Lane
n2725,n2625,0.6672,60,Z Boulevard
n2725,n2724,0.6631,35,28th Street
n2725,n2726,0.6631,35,28th Street
n2725,n2825,0.6672,60,Z Boulevard
n2726,n2626,0.6672,35,AA Lane
n2726,n2725,0.6631,35,28th Street
n2726,n2727,0.6631,35,28th Street
n2726,n2826,0.6672,35,AA Lane
n2727,n2627,0.6672,35,AB Lane
n2727,n2726,0.6631,35,28th Street
n2727,n2827,0.6672,35,AB Lane
n2728,n2628,0.6672,35,AC Lane
n2728,n2729,0.6631,35,28th Street
n2729,n2629,0.6672,35,AD Lane
n2729,n2728,0.6631,35,28th Street
n2729,n2730,0.6631,35,28th Street
n2729,n2829,0.6672,35,AD Lane
n2730,n2630,0.6672,60,AE Boulevard
n2730,n2729,0.6631,35,28th Street
n2730,n2731,0.6631,35,28th Street
n2730,n2830,0.6672,60,AE Boulevard
n2731,n2631,0.6672,35,AF Lane
n2731,n2730,0.6631,35,28th Street
n2731,n2732,0.6631,35,28th Street
n2732,n2632,0.6672,35,AG Lane
n2732,n2731,0.6631,35,28th Street
n2732,n2733,0.6631,35,28th Street
n2732,n2832,0.6672,35,AG Lane
n2733,n2633,0.6672,35,AH Lane
n2733,n2732,0.6631,35,28th Street
n2733,n2734,0.6631,35,28th Street
n2733,n2833,0.6672,35,AH Lane
n2734,n2733,0.6631,35,28th Street
n2734,n2735,0.6631,35,28th Street
n2734,n2834,0.6672,35,AI Lane
n2735,n2635,0.6672,60,AJ Boulevard
n2735,n2734,0.6631,35,28th Street
n2735,n2736,0.6631,35,28th Street
n2735,n2835,0.6672,60,AJ Boulevard
n2736,n2636,0.6672,35,AK Lane
n2736,n2735,0.6631,35,28th Street
n2736,n2737,0.6631,35,28th Street
n2736,n2836,0.6672,35,AK Lane
n2737,n2637,0.6672,35,AL Lane
n2737,n2736,0.6631,35,28th Street
n2737,n2738,0.6631,35,28th Street
n2738,n2638,0.6672,35,AM Lane
n2738,n2737,0.6631,35,28th Street
n2738,n2739,0.6631,35,28th Street
n2738,n2838,0.6672,35,AM Lane
n2739,n2639,0.6672,35,AN Lane
n2739,n2738,0.6631,35,28th Street
n2800,n2700,0.6672,60,A Boulevard
n2800,n2801,0.6630,35,29th Street
n2800,n2900,0.6672,60,A Boulevard
n2801,n2701,0.6672,35,B Lane
n2801,n2800,0.6630,35,29th Street
n2801,n2802,0.6630,35,29th Street
n2801,n2901,0.6672,35,B Lane
n2802,n2702,0.6672,35,C Lane
n2802,n2801,0.6630,35,29th Street
n2802,n2803,0.6630,35,29th Street
n2802,n2902,0.6672,35,C Lane
n2803,n2802,0.6630,35,29th Street
n2803,n2804,0.6630,35,29th Street
n2803,n2903,0.6672,35,D Lane
n2804,n2704,0.6672,35,E Lane
n2804,n2803,0.6630,35,29th Street
n2804,n2805,0.6630,35,29th Street
n2804,n2904,0.6672,35,E Lane
n2805,n2705,0.6672,60,F Boulevard
n2805,n2804,0.6630,35,29th Street
n2805,n2806,0.6630,35,29th Street
n2805,n2905,0.6672,60,F Boulevard
n2806,n2706,0.6672,35,G Lane
n2806,n2805,0.6630,35,29th Street
n2806,n2807,0.6630,35,29th Street
n2806,n2906,0.6672,35,G Lane
n2807,n2707,0.6672,35,H Lane
n2807,n2806,0.6630,35,29th Street
n2807,n2907,0.6672,35,H Lane
n2808,n2708,0.6672,35,I Lane
n2808,n2809,0.6630,35,29th Street
n2808,n2908,0.6672,35,I Lane
n2809,n2709,0.6672,35,J Lane
n2809,n2808,0.6630,35,29th Street
n2809,n2810,0.6630,35,29th Street
n2809,n2909,0.6672,35,J Lane
n2810,n2710,0.6672,60,K Boulevard
n2810,n2809,0.6630,35,29th Street
n2810,n2811,0.6630,35,29th Street
n2810,n2910,0.6672,60,K Boulevard
n2811,n2711,0.6672,35,L Lane
n2811,n2810,0.6630,35,29th Street
n2811,n2911,0.6672,35,L Lane
n2812,n2813,0.6630,35,29th Street
n2812,n2912,0.6672,35,M Lane
n2813,n2713,0.6672,35,N Lane
n2813,n2812,0.6630,35,29th Street
n2813,n2814,0.6630,35,29th Street
n2813,n2913,0.6672,35,N Lane
n2814,n2714,0.6672,35,O Lane
n2814,n2813,0.6630,35,29th Street
n2814,n2815,0.6630,35,29th Street
n2814,n2914,0.6672,35,O Lane
n2815,n2715,0.6672,60,P Boulevard
n2815,n2814,0.6630,35,29th Street
n2815,n2816,0.6630,35,29th Street
n2815,n2915,0.6672,60,P Boulevard
n2816,n2716,0.6672,35,Q Lane
n2816,n2815,0.6630,35,29th Street
n2816,n2817,0.6630,35,29th Street
n2816,n2916,0.6672,35,Q Lane
n2817,n2717,0.6672,35,R Lane
n2817,n2816,0.6630,35,29th Street
n2817,n2818,0.6630,35,29th Street
n2817,n2917,0.6672,35,R Lane
n2818,n2718,0.6672,35,S Lane
n2818,n2817,0.6630,35,29th Street
n2818,n2819,0.6630,35,29th Street
n2818,n2918,0.6672,35,S Lane
n2819,n2818,0.6630,35,29th Street
n2819,n2820,0.6630,35,29th Street
n2819,n2919,0.6672,35,T Lane
n2820,n2720,0.6672,60,U Boulevard
n2820,n2819,0.6630,35,29th Street
n2820,n2821,0.6630,35,29th Street
n2820,n2920,0.6672,60,U Boulevard
n2821,n2721,0.6672,35,V Lane
n2821,n2820,0.6630,35,29th Street
n2821,n2822,0.6630,35,29th Street
n2821,n2921,0.6672,35,V Lane
n2822,n2722,0.6672,35,W Lane
n2822,n2821,0.6630,35,29th Street
n2822,n2823,0.6630,35,29th Street
n2822,n2922,0.6672,35,W Lane
n2823,n2723,0.6672,35,X Lane
n2823,n2822,0.6630,35,29th Street
n2823,n2824,0.6630,35,29th Street
n2823,n2923,0.6672,35,X Lane
n2824,n2724,0.6672,35,Y Lane
n2824,n2823,0.6630,35,29th Street
n2824,n2825,0.6630,35,29th Street
n2824,n2924,0.6672,35,Y Lane
n2825,n2725,0.6672,60,Z Boulevard
n2825,n2824,0.6630,35,29th Street
n2825,n2826,0.6630,35,29th Street
n2825,n2925,0.6672,60,Z Boulevard
n2826,n2726,0.6672,35,AA Lane
n2826,n2825,0.6630,35,29th Street
n2826,n2827,0.6630,35,29th Street
n2826,n2926,0.6672,35,AA Lane
n2827,n2727,0.6672,35,AB Lane
n2827,n2826,0.6630,35,29th Street
n2827,n2828,0.6630,35,29th Street
n2827,n2927,0.6672,35,AB Lane
n2828,n2827,0.6630,35,29th Street
n2828,n2829,0.6630,35,29th Street
n2828,n2928,0.6672,35,AC Lane
n2829,n2729,0.6672,35,AD Lane
n2829,n2828,0.6630,35,29th Street
n2829,n2830,0.6630,35,29th Street
n2829,n2929,0.6672,35,AD Lane
n2830,n2730,0.6672,60,AE Boulevard
n2830,n2829,0.6630,35,29th Street
n2830,n2831,0.6630,35,29th Street
n2830,n2930,0.6672,60,AE Boulevard
n2831,n2830,0.6630,35,29th Street
n2831,n2832,0.6630,35,29th Street
n2831,n2931,0.6672,35,AF Lane
n2832,n2732,0.6672,35,AG Lane
n2832,n2831,0.6630,35,29th Street
n2832,n2833,0.6630,35,29th Street
n2832,n2932,0.6672,35,AG Lane
n2833,n2733,0.6672,35,AH Lane
n2833,n2832,0.6630,35,29th Street
n2833,n2933,0.6672,35,AH Lane
n2834,n2734,0.6672,35,AI Lane
n2834,n2835,0.6630,35,29th Street
n2834,n2934,0.6672,35,AI Lane
n2835,n2735,0.6672,60,AJ Boulevard
n2835,n2834,0.6630,35,29th Street
n2835,n2836,0.6630,35,29th Street
n2835,n2935,0.6672,60,AJ Boulevard
n2836,n2736,0.6672,35,AK Lane
n2836,n2835,0.6630,35,29th Street
n2836,n2837,0.6630,35,29th Street
n2836,n2936,0.6672,35,AK Lane
n2837,n2836,0.6630,35,29th Street
n2837,n2838,0.6630,35,29th Street
n2837,n2937,0.6672,35,AL Lane
n2838,n2738,0.6672,35,AM Lane
n2838,n2837,0.6630,35,29th Street
n2838,n2839,0.6630,35,29th Street
n2838,n2938,0.6672,35,AM Lane
n2839,n2838,0.6630,35,29th Street
n2839,n2939,0.6672,35,AN Lane
n2900,n2800,0.6672,60,A Boulevard
n2900,n2901,0.6630,35,30th Street
n2900,n3000,0.6672,60,A Boulevard
n2900,n3400,3.3359,100,Ring Motorway
n2900,n2400,3.3359,100,Ring Motorway
n2901,n2801,0.6672,35,B Lane
n2901,n2900,0.6630,35,30th Street
n2901,n2902,0.6630,35,30th Street
n2901,n3001,0.6672,35,B Lane
n2902,n2802,0.6672,35,C Lane
n2902,n2901,0.6630,35,30th Street
n2902,n2903,0.6630,35,30th Street
n2902,n3002,0.6672,35,C Lane
n2903,n2803,0.6672,35,D Lane
n2903,n2902,0.6630,35,30th Street
n2903,n2904,0.6630,35,30th Street
n2903,n3003,0.6672,35,D Lane
n2904,n2804,0.6672,35,E Lane
n2904,n2903,0.6630,35,30th Street
n2904,n2905,0.6630,35,30th Street
n2904,n3004,0.6672,35,E Lane
n2905,n2805,0.6672,60,F Boulevard
n2905,n2904,0.6630,35,30th Street
n2905,n3005,0.6672,60,F Boulevard
n2906,n2806,0.6672,35,G Lane
n2906,n2907,0.6630,35,30th Street
n2906,n3006,0.6672,35,G Lane
n2907,n2807,0.6672,35,H Lane
n2907,n2906,0.6630,35,30th Street
n2907,n2908,0.6630,35,30th Street
n2907,n3007,0.6672,35,H Lane
n2908,n2808,0.6672,35,I Lane
n2908,n2907,0.6630,35,30th Street
n2908,n2909,0.6630,35,30th Street
n2908,n3008,0.6672,35,I Lane
n2909,n2809,0.6672,35,J Lane
n2909,n2908,0.6630,35,30th Street
n2909,n3009,0.6672,35,J Lane
n2910,n2810,0.6672,60,K Boulevard
n2910,n2911,0.6630,35,30th Street
n2910,n3010,0.6672,60,K Boulevard
n2911,n2811,0.6672,35,L Lane
n2911,n2910,0.6630,35,30th Street
n2911,n2912,0.6630,35,30th Street
n2912,n2812,0.6672,35,M Lane
n2912,n2911,0.6630,35,30th Street
n2912,n2913,0.6630,35,30th Street
n2912,n3012,0.6672,35,M Lane
n2913,n2813,0.6672,35,N Lane
n2913,n2912,0.6630,35,30th Street
n2913,n2914,0.6630,35,30th Street
n2913,n3013,0.6672,35,N Lane
n2914,n2814,0.6672,35,O Lane
n2914,n2913,0.6630,35,30th Street
n2914,n2915,0.6630,35,30th Street
n2914,n3014,0.6672,35,O Lane
n2915,n2815,0.6672,60,P Boulevard
n2915,n2914,0.6630,35,30th Street
n2915,n2916,0.6630,35,30th Street
n2915,n3015,0.6672,60,P Boulevard
n2916,n2816,0.6672,35,Q Lane
n2916,n2915,0.6630,35,30th Street
n2916,n2917,0.6630,35,30th Street
n2916,n3016,0.6672,35,Q Lane
n2917,n2817,0.6672,35,R Lane
n2917,n2916,0.6630,35,30th Street
n2917,n2918,0.6630,35,30th Street
n2917,n3017,0.6672,35,R Lane
n2918,n2818,0.6672,35,S Lane
n2918,n2917,0.6630,35,30th Street
n2918,n2919,0.6630,35,30th Street
n2918,n3018,0.6672,35,S Lane
n2919,n2819,0.6672,35,T Lane
n2919,n2918,0.6630,35,30th Street
n2919,n2920,0.6630,35,30th Street
n2919,n3019,0.6672,35,T Lane
n2920,n2820,0.6672,60,U Boulevard
n2920,n2919,0.6630,35,30th Street
n2920,n2921,0.6630,35,30th Street
n2920,n3020,0.6672,60,U Boulevard
n2921,n2821,0.6672,35,V Lane
n2921,n2920,0.6630,35,30th Street
n2921,n2922,0.6630,35,30th Street
n2921,n3021,0.6672,35,V Lane
n2922,n2822,0.6672,35,W Lane
n2922,n2921,0.6630,35,30th Street
n2922,n2923,0.6630,35,30th Street
n2922,n3022,0.6672,35,W Lane
n2923,n2823,0.6672,35,X Lane
n2923,n2922,0.6630,35,30th Street
n2923,n2924,0.6630,35,30th Street
n2923,n3023,0.6672,35,X Lane
n2924,n2824,0.6672,35,Y Lane
n2924,n2923,0.6630,35,30th Street
n2924,n2925,0.6630,35,30th Street
n2924,n3024,0.6672,35,Y Lane
n2925,n2825,0.6672,60,Z Boulevard
n2925,n2924,0.6630,35,30th Street
n2925,n2926,0.6630,35,30th Street
n2925,n3025,0.6672,60,Z Boulevard
n2926,n2826,0.6672,35,AA Lane
n2926,n2925,0.6630,35,30th Street
n2926,n2927,0.6630,35,30th Street
n2927,n2827,0.6672,35,AB Lane
n2927,n2926,0.6630,35,30th Street
n2927,n2928,0.6630,35,30th Street
n2927,n3027,0.6672,35,AB Lane
n2928,n2828,0.6672,35,AC Lane
n2928,n2927,0.6630,35,30th Street
n2928,n3028,0.6672,35,AC Lane
n2929,n2829,0.6672,35,AD Lane
n2929,n2930,0.6630,35,30th Street
n2929,n3029,0.6672,35,AD Lane
n2930,n2830,0.6672,60,AE Boulevard
n2930,n2929,0.6630,35,30th Street
n2930,n2931,0.6630,35,30th Street
n2930,n3030,0.6672,60,AE Boulevard
n2931,n2831,0.6672,35,AF Lane
n2931,n2930,0.6630,35,30th Street
n2931,n2932,0.6630,35,30th Street
n2931,n3031,0.6672,35,AF Lane
n2932,n2832,0.6672,35,AG Lane
n2932,n2931,0.6630,35,30th Street
n2932,n2933,0.6630,35,30th Street
n2932,n3032,0.6672,35,AG Lane
n2933,n2833,0.6672,35,AH Lane
n2933,n2932,0.6630,35,30th Street
n2933,n2934,0.6630,35,30th Street
n2933,n3033,0.6672,35,AH Lane
n2934,n2834,0.6672,35,AI Lane
n2934,n2933,0.6630,35,30th Street
n2934,n2935,0.6630,35,30th Street
n2934,n3034,0.6672,35,AI Lane
n2935,n2835,0.6672,60,AJ Boulevard
n2935,n2934,0.6630,35,30th Street
n2935,n2936,0.6630,35,30th Street
n2935,n3035,0.6672,60,AJ Boulevard
n2936,n2836,0.6672,35,AK Lane
n2936,n2935,0.6630,35,30th Street
n2936,n2937,0.6630,35,30th Street
n2936,n3036,0.6672,35,AK Lane
n2937,n2837,0.6672,35,AL Lane
n2937,n2936,0.6630,35,30th Street
n2937,n2938,0.6630,35,30th Street
n2937,n3037,0.6672,35,AL Lane
n2938,n2838,0.6672,35,AM Lane
n2938,n2937,0.6630,35,30th Street
n2938,n2939,0.6630,35,30th Street
n2938,n3038,0.6672,35,AM Lane
n2939,n2839,0.6672,35,AN Lane
n2939,n2938,0.6630,35,30th Street
n2939,n3039,0.6672,35,AN Lane
n3000,n2900,0.6672,60,A Boulevard
n3000,n3001,0.6630,60,31st Avenue
n3000,n3100,0.6672,60,A Boulevard
n3001,n2901,0.6672,35,B Lane
n3001,n3000,0.6630,60,31st Avenue
n3001,n3002,0.6630,60,31st Avenue
n3001,n3101,0.6672,35,B Lane
n3002,n2902,0.6672,35,C Lane
n3002,n3001,0.6630,60,31st Avenue
n3002,n3003,0.6630,60,31st Avenue
n3002,n3102,0.6672,35,C Lane
n3003,n2903,0.6672,35,D Lane
n3003,n3002,0.6630,60,31st Avenue
n3003,n3004,0.6630,60,31st Avenue
n3003,n3103,0.6672,35,D Lane
n3004,n2904,0.6672,35,E Lane
n3004,n3003,0.6630,60,31st Avenue
n3004,n3005,0.6630,60,31st Avenue
n3004,n3104,0.6672,35,E Lane
n3005,n2905,0.6672,60,F Boulevard
n3005,n3004,0.6630,60,31st Avenue
n3005,n3006,0.6630,60,31st Avenue
n3005,n3105,0.6672,60,F Boulevard
n3006,n2906,0.6672,35,G Lane
n3006,n3005,0.6630,60,31st Avenue
n3006,n3007,0.6630,60,31st Avenue
n3006,n3106,0.6672,35,G Lane
n3007,n2907,0.6672,35,H Lane
n3007,n3006,0.6630,60,31st Avenue
n3007,n3008,0.6630,60,31st Avenue
n3007,n3107,0.6672,35,H Lane
n3008,n2908,0.6672,35,I Lane
n3008,n3007,0.6630,60,31st Avenue
n3008,n3009,0.6630,60,31st Avenue
n3008,n3108,0.6672,35,I Lane
n3009,n2909,0.6672,35,J Lane
n3009,n3008,0.6630,60,31st Avenue
n3009,n3010,0.6630,60,31st Avenue
n3009,n3109,0.6672,35,J Lane
n3010,n2910,0.6672,60,K Boulevard
n3010,n3009,0.6630,60,31st Avenue
n3010,n3011,0.6630,60,31st Avenue
n3010,n3110,0.6672,60,K Boulevard
n3011,n3010,0.6630,60,31st Avenue
n3011,n3012,0.6630,60,31st Avenue
n3011,n3111,0.6672,35,L Lane
n3012,n2912,0.6672,35,M Lane
n3012,n3011,0.6630,60,31st Avenue
n3012,n3013,0.6630,60,31st Avenue
n3012,n3112,0.6672,35,M Lane
n3013,n2913,0.6672,35,N Lane
n3013,n3012,0.6630,60,31st Avenue
n3013,n3014,0.6630,60,31st Avenue
n3013,n3113,0.6672,35,N Lane
n3014,n2914,0.6672,35,O Lane
n3014,n3013,0.6630,60,31st Avenue
n3014,n3015,0.6630,60,31st Avenue
n3014,n3114,0.6672,35,O Lane
n3015,n2915,0.6672,60,P Boulevard
n3015,n3014,0.6630,60,31st Avenue
n3015,n3016,0.6630,60,31st Avenue
n3015,n3115,0.6672,60,P Boulevard
n3016,n2916,0.6672,35,Q Lane
n3016,n3015,0.6630,60,31st Avenue
n3016,n3017,0.6630,60,31st Avenue
n3016,n3116,0.6672,35,Q Lane
n3017,n2917,0.6672,35,R Lane
n3017,n3016,0.6630,60,31st Avenue
n3017,n3018,0.6630,60,31st Avenue
n3017,n3117,0.6672,35,R Lane
n3018,n2918,0.6672,35,S Lane
n3018,n3017,0.6630,60,31st Avenue
n3018,n3019,0.6630,60,31st Avenue
n3018,n3118,0.6672,35,S Lane
n3019,n2919,0.6672,35,T Lane
n3019,n3018,0.6630,60,31st Avenue
n3019,n3020,0.6630,60,31st Avenue
n3019,n3119,0.6672,35,T Lane
n3020,n2920,0.6672,60,U Boulevard
n3020,n3019,0.6630,60,31st Avenue
n3020,n3021,0.6630,60,31st Avenue
n3020,n3120,0.6672,60,U Boulevard
n3021,n2921,0.6672,35,V Lane
n3021,n3020,0.6630,60,31st Avenue
n3021,n3022,0.6630,60,31st Avenue
n3021,n3121,0.6672,35,V Lane
n3022,n2922,0.6672,35,W Lane
n3022,n3021,0.6630,60,31st Avenue
n3022,n3023,0.6630,60,31st Avenue
n3022,n3122,0.6672,35,W Lane
n3023,n2923,0.6672,35,X Lane
n3023,n3022,0.6630,60,31st Avenue
n3023,n3024,0.6630,60,31st Avenue
n3024,n2924,0.6672,35,Y Lane
n3024,n3023,0.6630,60,31st Avenue
n3024,n3025,0.6630,60,31st Avenue
n3024,n3124,0.6672,35,Y Lane
n3025,n2925,0.6672,60,Z Boulevard
n3025,n3024,0.6630,60,31st Avenue
n3025,n3026,0.6630,60,31st Avenue
n3025,n3125,0.6672,60,Z Boulevard
n3026,n3025,0.6630,60,31st Avenue
n3026,n3027,0.6630,60,31st Avenue
n3026,n3126,0.6672,35,AA Lane
n3027,n2927,0.6672,35,AB Lane
n3027,n3026,0.6630,60,31st Avenue
n3027,n3028,0.6630,60,31st Avenue
n3027,n3127,0.6672,35,AB Lane
n3028,n2928,0.6672,35,AC Lane
n3028,n3027,0.6630,60,31st Avenue
n3028,n3029,0.6630,60,31st Avenue
n3028,n3128,0.6672,35,AC Lane
n3029,n2929,0.6672,35,AD Lane
n3029,n3028,0.6630,60,31st Avenue
n3029,n3030,0.6630,60,31st Avenue
n3029,n3129,0.6672,35,AD Lane
n3030,n2930,0.6672,60,AE Boulevard
n3030,n3029,0.6630,60,31st Avenue
n3030,n3031,0.6630,60,31st Avenue
n3030,n3130,0.6672,60,AE Boulevard
n3031,n2931,0.6672,35,AF Lane
n3031,n3030,0.6630,60,31st Avenue
n3031,n3032,0.6630,60,31st Avenue
n3031,n3131,0.6672,35,AF Lane
n3032,n2932,0.6672,35,AG Lane
n3032,n3031,0.6630,60,31st Avenue
n3032,n3033,0.6630,60,31st Avenue
n3032,n3132,0.6672,35,AG Lane
n3033,n2933,0.6672,35,AH Lane
n3033,n3032,0.6630,60,31st Avenue
n3033,n3034,0.6630,60,31st Avenue
n3033,n3133,0.6672,35,AH Lane
n3034,n2934,0.6672,35,AI Lane
n3034,n3033,0.6630,60,31st Avenue
n3034,n3035,0.6630,60,31st Avenue
n3034,n3134,0.6672,35,AI Lane
n3035,n2935,0.6672,60,AJ Boulevard
n3035,n3034,0.6630,60,31st Avenue
n3035,n3036,0.6630,60,31st Avenue
n3035,n3135,0.6672,60,AJ Boulevard
n3036,n2936,0.6672,35,AK Lane
n3036,n3035,0.6630,60,31st Avenue
n3036,n3037,0.6630,60,31st Avenue
n3036,n3136,0.6672,35,AK Lane
n3037,n2937,0.6672,35,AL Lane
n3037,n3036,0.6630,60,31st Avenue
n3037,n3038,0.6630,60,31st Avenue
n3037,n3137,0.6672,35,AL Lane
n3038,n2938,0.6672,35,AM Lane
n3038,n3037,0.6630,60,31st Avenue
n3038,n3039,0.6630,60,31st Avenue
n3038,n3138,0.6672,35,AM Lane
n3039,n2939,0.6672,35,AN Lane
n3039,n3038,0.6630,60,31st Avenue
n3039,n3139,0.6672,35,AN Lane
n3039,n2539,3.3359,100,Ring Motorway
n3039,n3539,3.3359,100,Ring Motorway
n3100,n3000,0.6672,60,A Boulevard
n3100,n3101,0.6629,35,32nd Street
n3100,n3200,0.6672,60,A Boulevard
n3101,n3001,0.6672,35,B Lane
n3101,n3100,0.6629,35,32nd Street
n3101,n3102,0.6629,35,32nd Street
n3101,n3201,0.6672,35,B Lane
n3102,n3002,0.6672,35,C Lane
n3102,n3101,0.6629,35,32nd Street
n3102,n3103,0.6629,35,32nd Street
n3102,n3202,0.6672,35,C Lane
n3103,n3003,0.6672,35,D Lane
n3103,n3102,0.6629,35,32nd Street
n3103,n3104,0.6629,35,32nd Street
n3103,n3203,0.6672,35,D Lane
n3104,n3004,0.6672,35,E Lane
n3104,n3103,0.6629,35,32nd Street
n3104,n3105,0.6629,35,32nd Street
n3104,n3204,0.6672,35,E Lane
n3105,n3005,0.6672,60,F Boulevard
n3105,n3104,0.6629,35,32nd Street
n3105,n3106,0.6629,35,32nd Street
n3105,n3205,0.6672,60,F Boulevard
n3106,n3006,0.6672,35,G Lane
n3106,n3105,0.6629,35,32nd Street
n3106,n3107,0.6629,35,32nd Street
n3106,n3206,0.6672,35,G Lane
n3107,n3007,0.6672,35,H Lane
n3107,n3106,0.6629,35,32nd Street
n3107,n3108,0.6629,35,32nd Street
n3108,n3008,0.6672,35,I Lane
n3108,n3107,0.6629,35,32nd Street
n3108,n3109,0.6629,35,32nd Street
n3108,n3208,0.6672,35,I Lane
n3109,n3009,0.6672,35,J Lane
n3109,n3108,0.6629,35,32nd Street
n3109,n3110,0.6629,35,32nd Street
n3109,n3209,0.6672,35,J Lane
n3110,n3010,0.6672,60,K Boulevard
n3110,n3109,0.6629,35,32nd Street
n3110,n3111,0.6629,35,32nd Street
n3110,n3210,0.6672,60,K Boulevard
n3111,n3011,0.6672,35,L Lane
n3111,n3110,0.6629,35,32nd Street
n3111,n3112,0.6629,35,32nd Street
n3111,n3211,0.6672,35,L Lane
n3112,n3012,0.6672,35,M Lane
n3112,n3111,0.6629,35,32nd Street
n3112,n3113,0.6629,35,32nd Street
n3112,n3212,0.6672,35,M Lane
n3113,n3013,0.6672,35,N Lane
n3113,n3112,0.6629,35,32nd Street
n3113,n3114,0.6629,35,32nd Street
n3113,n3213,0.6672,35,N Lane
n3114,n3014,0.6672,35,O Lane
n3114,n3113,0.6629,35,32nd Street
n3114,n3115,0.6629,35,32nd Street
n3114,n3214,0.6672,35,O Lane
n3115,n3015,0.6672,60,P Boulevard
n3115,n3114,0.6629,35,32nd Street
n3115,n3116,0.6629,35,32nd Street
n3115,n3215,0.6672,60,P Boulevard
n3116,n3016,0.6672,35,Q Lane
n3116,n3115,0.6629,35,32nd Street
n3116,n3117,0.6629,35,32nd Street
n3117,n3017,0.6672,35,R Lane
n3117,n3116,0.6629,35,32nd Street
n3117,n3118,0.6629,35,32nd Street
n3117,n3217,0.6672,35,R Lane
n3118,n3018,0.6672,35,S Lane
n3118,n3117,0.6629,35,32nd Street
n3118,n3119,0.6629,35,32nd Street
n3118,n3218,0.6672,35,S Lane
n3119,n3019,0.6672,35,T Lane
n3119,n3118,0.6629,35,32nd Street
n3119,n3120,0.6629,35,32nd Street
n3119,n3219,0.6672,35,T Lane
n3120,n3020,0.6672,60,U Boulevard
n3120,n3119,0.6629,35,32nd Street
n3120,n3121,0.6629,35,32nd Street
n3120,n3220,0.6672,60,U Boulevard
n3121,n3021,0.6672,35,V Lane
n3121,n3120,0.6629,35,32nd Street
n3121,n3122,0.6629,35,32nd Street
n3121,n3221,0.6672,35,V Lane
n3122,n3022,0.6672,35,W Lane
n3122,n3121,0.6629,35,32nd Street
n3122,n3123,0.6629,35,32nd Street
n3122,n3222,0.6672,35,W Lane
n3123,n3122,0.6629,35,32nd Street
n3123,n3124,0.6629,35,32nd Street
n3123,n3223,0.6672,35,X Lane
n3124,n3024,0.6672,35,Y Lane
n3124,n3123,0.6629,35,32nd Street
n3124,n3125,0.6629,35,32nd Street
n3124,n3224,0.6672,35,Y Lane
n3125,n3025,0.6672,60,Z Boulevard
n3125,n3124,0.6629,35,32nd Street
n3125,n3126,0.6629,35,32nd Street
n3125,n3225,0.6672,60,Z Boulevard
n3126,n3026,0.6672,35,AA Lane
n3126,n3125,0.6629,35,32nd Street
n3126,n3127,0.6629,35,32nd Street
n3126,n3226,0.6672,35,AA Lane
n3127,n3027,0.6672,35,AB Lane
n3127,n3126,0.6629,35,32nd Street
n3127,n3128,0.6629,35,32nd Street
n3127,n3227,0.6672,35,AB Lane
n3128,n3028,0.6672,35,AC Lane
n3128,n3127,0.6629,35,32nd Street
n3128,n3129,0.6629,35,32nd Street
n3129,n3029,0.6672,35,AD Lane
n3129,n3128,0.6629,35,32nd Street
n3129,n3130,0.6629,35,32nd Street
n3129,n3229,0.6672,35,AD Lane
n3130,n3030,0.6672,60,AE Boulevard
n3130,n3129,0.6629,35,32nd Street
n3130,n3131,0.6629,35,32nd Street
n3130,n3230,0.6672,60,AE Boulevard
n3131,n3031,0.6672,35,AF Lane
n3131,n3130,0.6629,35,32nd Street
n3131,n3132,0.6629,35,32nd Street
n3131,n3231,0.6672,35,AF Lane
n3132,n3032,0.6672,35,AG Lane
n3132,n3131,0.6629,35,32nd Street
n3132,n3133,0.6629,35,32nd Street
n3132,n3232,0.6672,35,AG Lane
n3133,n3033,0.6672,35,AH Lane
n3133,n3132,0.6629,35,32nd Street
n3133,n3134,0.6629,35,32nd Street
n3133,n3233,0.6672,35,AH Lane
n3134,n3034,0.6672,35,AI Lane
n3134,n3133,0.6629,35,32nd Street
n3134,n3135,0.6629,35,32nd Street
n3134,n3234,0.6672,35,AI Lane
n3135,n3035,0.6672,60,AJ Boulevard
n3135,n3134,0.6629,35,32nd Street
n3135,n3136,0.6629,35,32nd Street
n3135,n3235,0.6672,60,AJ Boulevard
n3136,n3036,0.6672,35,AK Lane
n3136,n3135,0.6629,35,32nd Street
n3136,n3137,0.6629,35,32nd Street
n3136,n3236,0.6672,35,AK Lane
n3137,n3037,0.6672,35,AL Lane
n3137,n3136,0.6629,35,32nd Street
n3137,n3138,0.6629,35,32nd Street
n3137,n3237,0.6672,35,AL Lane
n3138,n3038,0.6672,35,AM Lane
n3138,n3137,0.6629,35,32nd Street
n3138,n3139,0.6629,35,32nd Street
n3138,n3238,0.6672,35,AM Lane
n3139,n3039,0.6672,35,AN Lane
n3139,n3138,0.6629,35,32nd Street
n3139,n3239,0.6672,35,AN Lane
n3200,n3100,0.6672,60,A Boulevard
n3200,n3201,0.6629,35,33rd Street
n3200,n3300,0.6672,60,A Boulevard
n3201,n3101,0.6672,35,B Lane
n3201,n3200,0.6629,35,33rd Street
n3201,n3202,0.6629,35,33rd Street
n3201,n3301,0.6672,35,B Lane
n3202,n3102,0.6672,35,C Lane
n3202,n3201,0.6629,35,33rd Street
n3202,n3203,0.6629,35,33rd Street
n3203,n3103,0.6672,35,D Lane
n3203,n3202,0.6629,35,33rd Street
n3203,n3204,0.6629,35,33rd Street
n3203,n3303,0.6672,35,D Lane
n3204,n3104,0.6672,35,E Lane
n3204,n3203,0.6629,35,33rd Street
n3204,n3205,0.6629,35,33rd Street
n3204,n3304,0.6672,35,E Lane
n3205,n3105,0.6672,60,F Boulevard
n3205,n3204,0.6629,35,33rd Street
n3205,n3206,0.6629,35,33rd Street
n3205,n3305,0.6672,60,F Boulevard
n3206,n3106,0.6672,35,G Lane
n3206,n3205,0.6629,35,33rd Street
n3206,n3207,0.6629,35,33rd Street
n3206,n3306,0.6672,35,G Lane
n3207,n3206,0.6629,35,33rd Street
n3207,n3307,0.6672,35,H Lane
n3208,n3108,0.6672,35,I Lane
n3208,n3308,0.6672,35,I Lane
n3209,n3109,0.6672,35,J Lane
n3209,n3210,0.6629,35,33rd Street
n3210,n3110,0.6672,60,K Boulevard
n3210,n3209,0.6629,35,33rd Street
n3210,n3211,0.6629,35,33rd Street
n3210,n3310,0.6672,60,K Boulevard
n3211,n3111,0.6672,35,L Lane
n3211,n3210,0.6629,35,33rd Street
n3211,n3212,0.6629,35,33rd Street
n3211,n3311,0.6672,35,L Lane
n3212,n3112,0.6672,35,M Lane
n3212,n3211,0.6629,35,33rd Street
n3212,n3213,0.6629,35,33rd Street
n3212,n3312,0.6672,35,M Lane
n3213,n3113,0.6672,35,N Lane
n3213,n3212,0.6629,35,33rd Street
n3213,n3214,0.6629,35,33rd Street
n3213,n3313,0.6672,35,N Lane
n3214,n3114,0.6672,35,O Lane
n3214,n3213,0.6629,35,33rd Street
n3214,n3215,0.6629,35,33rd Street
n3214,n3314,0.6672,35,O Lane
n3215,n3115,0.6672,60,P Boulevard
n3215,n3214,0.6629,35,33rd Street
n3215,n3216,0.6629,35,33rd Street
n3215,n3315,0.6672,60,P Boulevard
n3216,n3215,0.6629,35,33rd Street
n3216,n3217,0.6629,35,33rd Street
n3216,n3316,0.6672,35,Q Lane
n3217,n3117,0.6672,35,R Lane
n3217,n3216,0.6629,35,33rd Street
n3217,n3218,0.6629,35,33rd Street
n3217,n3317,0.6672,35,R Lane
n3218,n3118,0.6672,35,S Lane
n3218,n3217,0.6629,35,33rd Street
n3218,n3219,0.6629,35,33rd Street
n3218,n3318,0.6672,35,S Lane
n3219,n3119,0.6672,35,T Lane
n3219,n3218,0.6629,35,33rd Street
n3219,n3220,0.6629,35,33rd Street
n3219,n3319,0.6672,35,T Lane
n3220,n3120,0.6672,60,U Boulevard
n3220,n3219,0.6629,35,33rd Street
n3220,n3320,0.6672,60,U Boulevard
n3221,n3121,0.6672,35,V Lane
n3221,n3222,0.6629,35,33rd Street
n3221,n3321,0.6672,35,V Lane
n3222,n3122,0.6672,35,W Lane
n3222,n3221,0.6629,35,33rd Street
n3222,n3223,0.6629,35,33rd Street
n3222,n3322,0.6672,35,W Lane
n3223,n3123,0.6672,35,X Lane
n3223,n3222,0.6629,35,33rd Street
n3223,n3224,0.6629,35,33rd Street
n3224,n3124,0.6672,35,Y Lane
n3224,n3223,0.6629,35,33rd Street
n3225,n3125,0.6672,60,Z Boulevard
n3225,n3226,0.6629,35,33rd Street
n3225,n3325,0.6672,60,Z Boulevard
n3226,n3126,0.6672,35,AA Lane
n3226,n3225,0.6629,35,33rd Street
n3226,n3227,0.6629,35,33rd Street
n3226,n3326,0.6672,35,AA Lane
n3227,n3127,0.6672,35,AB Lane
n3227,n3226,0.6629,35,33rd Street
n3227,n3228,0.6629,35,33rd Street
n3227,n3327,0.6672,35,AB Lane
n3228,n3227,0.6629,35,33rd Street
n3228,n3229,0.6629,35,33rd Street
n3228,n3328,0.6672,35,AC Lane
n3229,n3129,0.6672,35,AD Lane
n3229,n3228,0.6629,35,33rd Street
n3229,n3230,0.6629,35,33rd Street
n3229,n3329,0.6672,35,AD Lane
n3230,n3130,0.6672,60,AE Boulevard
n3230,n3229,0.6629,35,33rd Street
n3230,n3231,0.6629,35,33rd Street
n3230,n3330,0.6672,60,AE Boulevard
n3231,n3131,0.6672,35,AF Lane
n3231,n3230,0.6629,35,33rd Street
n3231,n3331,0.6672,35,AF Lane
n3232,n3132,0.6672,35,AG Lane
n3232,n3233,0.6629,35,33rd Street
n3232,n3332,0.6672,35,AG Lane
n3233,n3133,0.6672,35,AH Lane
n3233,n3232,0.6629,35,33rd Street
n3233,n3234,0.6629,35,33rd Street
n3233,n3333,0.6672,35,AH Lane
n3234,n3134,0.6672,35,AI Lane
n3234,n3233,0.6629,35,33rd Street
n3234,n3235,0.6629,35,33rd Street
n3234,n3334,0.6672,35,AI Lane
n3235,n3135,0.6672,60,AJ Boulevard
n3235,n3234,0.6629,35,33rd Street
n3235,n3236,0.6629,35,33rd Street
n3235,n3335,0.6672,60,AJ Boulevard
n3236,n3136,0.6672,35,AK Lane
n3236,n3235,0.6629,35,33rd Street
n3236,n3237,0.6629,35,33rd Street
n3236,n3336,0.6672,35,AK Lane
n3237,n3137,0.6672,35,AL Lane
n3237,n3236,0.6629,35,33rd Street
n3237,n3238,0.6629,35,33rd Street
n3237,n3337,0.6672,35,AL Lane
n3238,n3138,0.6672,35,AM Lane
n3238,n3237,0.6629,35,33rd Street
n3238,n3239,0.6629,35,33rd Street
n3238,n3338,0.6672,35,AM Lane
n3239,n3139,0.6672,35,AN Lane
n3239,n3238,0.6629,35,33rd Street
n3239,n3339,0.6672,35,AN Lane
n3300,n3200,0.6672,60,A Boulevard
n3300,n3301,0.6628,35,34th Street
n3300,n3400,0.6672,60,A Boulevard
n3301,n3201,0.6672,35,B Lane
n3301,n3300,0.6628,35,34th Street
n3301,n3302,0.6628,35,34th Street
n3301,n3401,0.6672,35,B Lane
n3302,n3301,0.6628,35,34th Street
n3302,n3303,0.6628,35,34th Street
n3302,n3402,0.6672,35,C Lane
n3303,n3203,0.6672,35,D Lane
n3303,n3302,0.6628,35,34th Street
n3303,n3304,0.6628,35,34th Street
n3303,n3403,0.6672,35,D Lane
n3304,n3204,0.6672,35,E Lane
n3304,n3303,0.6628,35,34th Street
n3304,n3404,0.6672,35,E Lane
n3305,n3205,0.6672,60,F Boulevard
n3305,n3306,0.6628,35,34th Street
n3305,n3405,0.6672,60,F Boulevard
n3306,n3206,0.6672,35,G Lane
n3306,n3305,0.6628,35,34th Street
n3306,n3307,0.6628,35,34th Street
n3306,n3406,0.6672,35,G Lane
n3307,n3207,0.6672,35,H Lane
n3307,n3306,0.6628,35,34th Street
n3307,n3308,0.6628,35,34th Street
n3307,n3407,0.6672,35,H Lane
n3308,n3208,0.6672,35,I Lane
n3308,n3307,0.6628,35,34th Street
n3308,n3309,0.6628,35,34th Street
n3308,n3408,0.6672,35,I Lane
n3309,n3308,0.6628,35,34th Street
n3309,n3310,0.6628,35,34th Street
n3309,n3409,0.6672,35,J Lane
n3310,n3210,0.6672,60,K Boulevard
n3310,n3309,0.6628,35,34th Street
n3310,n3311,0.6628,35,34th Street
n3310,n3410,0.6672,60,K Boulevard
n3311,n3211,0.6672,35,L Lane
n3311,n3310,0.6628,35,34th Street
n3311,n3312,0.6628,35,34th Street
n3311,n3411,0.6672,35,L Lane
n3312,n3212,0.6672,35,M Lane
n3312,n3311,0.6628,35,34th Street
n3312,n3313,0.6628,35,34th Street
n3312,n3412,0.6672,35,M Lane
n3313,n3213,0.6672,35,N Lane
n3313,n3312,0.6628,35,34th Street
n3313,n3314,0.6628,35,34th Street
n3313,n3413,0.6672,35,N Lane
n3314,n3214,0.6672,35,O Lane
n3314,n3313,0.6628,35,34th Street
n3314,n3315,0.6628,35,34th Street
n3314,n3414,0.6672,35,O Lane
n3315,n3215,0.6672,60,P Boulevard
n3315,n3314,0.6628,35,34th Street
n3315,n3316,0.6628,35,34th Street
n3315,n3415,0.6672,60,P Boulevard
n3316,n3216,0.6672,35,Q Lane
n3316,n3315,0.6628,35,34th Street
n3316,n3317,0.6628,35,34th Street
n3316,n3416,0.6672,35,Q Lane
n3317,n3217,0.6672,35,R Lane
n3317,n3316,0.6628,35,34th Street
n3317,n3318,0.6628,35,34th Street
n3318,n3218,0.6672,35,S Lane
n3318,n3317,0.6628,35,34th Street
n3318,n3319,0.6628,35,34th Street
n3318,n3418,0.6672,35,S Lane
n3319,n3219,0.6672,35,T Lane
n3319,n3318,0.6628,35,34th Street
n3319,n3320,0.6628,35,34th Street
n3319,n3419,0.6672,35,T Lane
n3320,n3220,0.6672,60,U Boulevard
n3320,n3319,0.6628,35,34th Street
n3320,n3321,0.6628,35,34th Street
n3320,n3420,0.6672,60,U Boulevard
n3321,n3221,0.6672,35,V Lane
n3321,n3320,0.6628,35,34th Street
n3321,n3322,0.6628,35,34th Street
n3321,n3421,0.6672,35,V Lane
n3322,n3222,0.6672,35,W Lane
n3322,n3321,0.6628,35,34th Street
n3322,n3323,0.6628,35,34th Street
n3322,n3422,0.6672,35,W Lane
n3323,n3322,0.6628,35,34th Street
n3323,n3423,0.6672,35,X Lane
n3324,n3325,0.6628,35,34th Street
n3324,n3424,0.6672,35,Y Lane
n3325,n3225,0.6672,60,Z Boulevard
n3325,n3324,0.6628,35,34th Street
n3325,n3326,0.6628,35,34th Street
n3325,n3425,0.6672,60,Z Boulevard
n3326,n3226,0.6672,35,AA Lane
n3326,n3325,0.6628,35,34th Street
n3326,n3327,0.6628,35,34th Street
n3327,n3227,0.6672,35,AB Lane
n3327,n3326,0.6628,35,34th Street
n3327,n3328,0.6628,35,34th Street
n3327,n3427,0.6672,35,AB Lane
n3328,n3228,0.6672,35,AC Lane
n3328,n3327,0.6628,35,34th Street
n3328,n3329,0.6628,35,34th Street
n3328,n3428,0.6672,35,AC Lane
n3329,n3229,0.6672,35,AD Lane
n3329,n3328,0.6628,35,34th Street
n3329,n3330,0.6628,35,34th Street
n3329,n3429,0.6672,35,AD Lane
n3330,n3230,0.6672,60,AE Boulevard
n3330,n3329,0.6628,35,34th Street
n3330,n3331,0.6628,35,34th Street
n3330,n3430,0.6672,60,AE Boulevard
n3331,n3231,0.6672,35,AF Lane
n3331,n3330,0.6628,35,34th Street
n3331,n3332,0.6628,35,34th Street
n3331,n3431,0.6672,35,AF Lane
n3332,n3232,0.6672,35,AG Lane
n3332,n3331,0.6628,35,34th Street
n3332,n3333,0.6628,35,34th Street
n3332,n3432,0.6672,35,AG Lane
n3333,n3233,0.6672,35,AH Lane
n3333,n3332,0.6628,35,34th Street
n3333,n3334,0.6628,35,34th Street
n3333,n3433,0.6672,35,AH Lane
n3334,n3234,0.6672,35,AI Lane
n3334,n3333,0.6628,35,34th Street
n3334,n3335,0.6628,35,34th Street
n3334,n3434,0.6672,35,AI Lane
n3335,n3235,0.6672,60,AJ Boulevard
n3335,n3334,0.6628,35,34th Street
n3335,n3336,0.6628,35,34th Street
n3335,n3435,0.6672,60,AJ Boulevard
n3336,n3236,0.6672,35,AK Lane
n3336,n3335,0.6628,35,34th Street
n3336,n3337,0.6628,35,34th Street
n3336,n3436,0.6672,35,AK Lane
n3337,n3237,0.6672,35,AL Lane
n3337,n3336,0.6628,35,34th Street
n3337,n3338,0.6628,35,34th Street
n3337,n3437,0.6672,35,AL Lane
n3338,n3238,0.6672,35,AM Lane
n3338,n3337,0.6628,35,34th Street
n3338,n3339,0.6628,35,34th Street
n3338,n3438,0.6672,35,AM Lane
n3339,n3239,0.6672,35,AN Lane
n3339,n3338,0.6628,35,34th Street
n3339,n3439,0.6672,35,AN Lane
n3400,n3300,0.6672,60,A Boulevard
n3400,n3401,0.6628,35,35th Street
n3400,n3500,0.6672,60,A Boulevard
n3400,n3904,4.2608,100,Ring Motorway
n3400,n2900,3.3359,100,Ring Motorway
n3401,n3301,0.6672,35,B Lane
n3401,n3400,0.6628,35,35th Street
n3401,n3402,0.6628,35,35th Street
n3401,n3501,0.6672,35,B Lane
n3402,n3302,0.6672,35,C Lane
n3402,n3401,0.6628,35,35th Street
n3402,n3403,0.6628,35,35th Street
n3402,n3502,0.6672,35,C Lane
n3403,n3303,0.6672,35,D Lane
n3403,n3402,0.6628,35,35th Street
n3403,n3404,0.6628,35,35th Street
n3403,n3503,0.6672,35,D Lane
n3404,n3304,0.6672,35,E Lane
n3404,n3403,0.6628,35,35th Street
n3404,n3405,0.6628,35,35th Street
n3404,n3504,0.6672,35,E Lane
n3405,n3305,0.6672,60,F Boulevard
n3405,n3404,0.6628,35,35th Street
n3405,n3406,0.6628,35,35th Street
n3405,n3505,0.6672,60,F Boulevard
n3406,n3306,0.6672,35,G Lane
n3406,n3405,0.6628,35,35th Street
n3406,n3407,0.6628,35,35th Street
n3406,n3506,0.6672,35,G Lane
n3407,n3307,0.6672,35,H Lane
n3407,n3406,0.6628,35,35th Street
n3407,n3408,0.6628,35,35th Street
n3407,n3507,0.6672,35,H Lane
n3408,n3308,0.6672,35,I Lane
n3408,n3407,0.6628,35,35th Street
n3408,n3409,0.6628,35,35th Street
n3408,n3508,0.6672,35,I Lane
n3409,n3309,0.6672,35,J Lane
n3409,n3408,0.6628,35,35th Street
n3409,n3410,0.6628,35,35th Street
n3409,n3509,0.6672,35,J Lane
n3410,n3310,0.6672,60,K Boulevard
n3410,n3409,0.6628,35,35th Street
n3410,n3411,0.6628,35,35th Street
n3410,n3510,0.6672,60,K Boulevard
n3411,n3311,0.6672,35,L Lane
n3411,n3410,0.6628,35,35th Street
n3411,n3412,0.6628,35,35th Street
n3411,n3511,0.6672,35,L Lane
n3412,n3312,0.6672,35,M Lane
n3412,n3411,0.6628,35,35th Street
n3412,n3413,0.6628,35,35th Street
n3412,n3512,0.6672,35,M Lane
n3413,n3313,0.6672,35,N Lane
n3413,n3412,0.6628,35,35th Street
n3413,n3414,0.6628,35,35th Street
n3413,n3513,0.6672,35,N Lane
n3414,n3314,0.6672,35,O Lane
n3414,n3413,0.6628,35,35th Street
n3414,n3514,0.6672,35,O Lane
n3415,n3315,0.6672,60,P Boulevard
n3415,n3416,0.6628,35,35th Street
n3415,n3515,0.6672,60,P Boulevard
n3416,n3316,0.6672,35,Q Lane
n3416,n3415,0.6628,35,35th Street
n3416,n3417,0.6628,35,35th Street
n3416,n3516,0.6672,35,Q Lane
n3417,n3416,0.6628,35,35th Street
n3417,n3418,0.6628,35,35th Street
n3417,n3517,0.6672,35,R Lane
n3418,n3318,0.6672,35,S Lane
n3418,n3417,0.6628,35,35th Street
n3418,n3419,0.6628,35,35th Street
n3418,n3518,0.6672,35,S Lane
n3419,n3319,0.6672,35,T Lane
n3419,n3418,0.6628,35,35th Street
n3419,n3420,0.6628,35,35th Street
n3419,n3519,0.6672,35,T Lane
n3420,n3320,0.6672,60,U Boulevard
n3420,n3419,0.6628,35,35th Street
n3420,n3421,0.6628,35,35th Street
n3420,n3520,0.6672,60,U Boulevard
n3421,n3321,0.6672,35,V Lane
n3421,n3420,0.6628,35,35th Street
n3421,n3422,0.6628,35,35th Street
n3421,n3521,0.6672,35,V Lane
n3422,n3322,0.6672,35,W Lane
n3422,n3421,0.6628,35,35th Street
n3422,n3423,0.6628,35,35th Street
n3422,n3522,0.6672,35,W Lane
n3423,n3323,0.6672,35,X Lane
n3423,n3422,0.6628,35,35th Street
n3423,n3424,0.6628,35,35th Street
n3423,n3523,0.6672,35,X Lane
n3424,n3324,0.6672,35,Y Lane
n3424,n3423,0.6628,35,35th Street
n3424,n3425,0.6628,35,35th Street
n3424,n3524,0.6672,35,Y Lane
n3425,n3325,0.6672,60,Z Boulevard
n3425,n3424,0.6628,35,35th Street
n3425,n3426,0.6628,35,35th Street
n3425,n3525,0.6672,60,Z Boulevard
n3426,n3425,0.6628,35,35th Street
n3426,n3427,0.6628,35,35th Street
n3426,n3526,0.6672,35,AA Lane
n3427,n3327,0.6672,35,AB Lane
n3427,n3426,0.6628,35,35th Street
n3427,n3428,0.6628,35,35th Street
n3428,n3328,0.6672,35,AC Lane
n3428,n3427,0.6628,35,35th Street
n3428,n3429,0.6628,35,35th Street
n3428,n3528,0.6672,35,AC Lane
n3429,n3329,0.6672,35,AD Lane
n3429,n3428,0.6628,35,35th Street
n3429,n3430,0.6628,35,35th Street
n3429,n3529,0.6672,35,AD Lane
n3430,n3330,0.6672,60,AE Boulevard
n3430,n3429,0.6628,35,35th Street
n3430,n3431,0.6628,35,35th Street
n3430,n3530,0.6672,60,AE Boulevard
n3431,n3331,0.6672,35,AF Lane
n3431,n3430,0.6628,35,35th Street
n3431,n3432,0.6628,35,35th Street
n3431,n3531,0.6672,35,AF Lane
n3432,n3332,0.6672,35,AG Lane
n3432,n3431,0.6628,35,35th Street
n3432,n3532,0.6672,35,AG Lane
n3433,n3333,0.6672,35,AH Lane
n3433,n3434,0.6628,35,35th Street
n3433,n3533,0.6672,35,AH Lane
n3434,n3334,0.6672,35,AI Lane
n3434,n3433,0.6628,35,35th Street
n3434,n3435,0.6628,35,35th Street
n3434,n3534,0.6672,35,AI Lane
n3435,n3335,0.6672,60,AJ Boulevard
n3435,n3434,0.6628,35,35th Street
n3435,n3436,0.6628,35,35th Street
n3435,n3535,0.6672,60,AJ Boulevard
n3436,n3336,0.6672,35,AK Lane
n3436,n3435,0.6628,35,35th Street
n3436,n3437,0.6628,35,35th Street
n3436,n3536,0.6672,35,AK Lane
n3437,n3337,0.6672,35,AL Lane
n3437,n3436,0.6628,35,35th Street
n3437,n3438,0.6628,35,35th Street
n3437,n3537,0.6672,35,AL Lane
n3438,n3338,0.6672,35,AM Lane
n3438,n3437,0.6628,35,35th Street
n3438,n3439,0.6628,35,35th Street
n3438,n3538,0.6672,35,AM Lane
n3439,n3339,0.6672,35,AN Lane
n3439,n3438,0.6628,35,35th Street
n3439,n3539,0.6672,35,AN Lane
n3500,n3400,0.6672,60,A Boulevard
n3500,n3501,0.6627,60,36th Avenue
n3500,n3600,0.6672,60,A Boulevard
n3501,n3401,0.6672,35,B Lane
n3501,n3500,0.6627,60,36th Avenue
n3501,n3502,0.6627,60,36th Avenue
n3501,n3601,0.6672,35,B Lane
n3502,n3402,0.6672,35,C Lane
n3502,n3501,0.6627,60,36th Avenue
n3502,n3503,0.6627,60,36th Avenue
n3502,n3602,0.6672,35,C Lane
n3503,n3403,0.6672,35,D Lane
n3503,n3502,0.6627,60,36th Avenue
n3503,n3504,0.6627,60,36th Avenue
n3503,n3603,0.6672,35,D Lane
n3504,n3404,0.6672,35,E Lane
n3504,n3503,0.6627,60,36th Avenue
n3504,n3505,0.6627,60,36th Avenue
n3505,n3405,0.6672,60,F Boulevard
n3505,n3504,0.6627,60,36th Avenue
n3505,n3506,0.6627,60,36th Avenue
n3505,n3605,0.6672,60,F Boulevard
n3506,n3406,0.6672,35,G Lane
n3506,n3505,0.6627,60,36th Avenue
n3506,n3507,0.6627,60,36th Avenue
n3506,n3606,0.6672,35,G Lane
n3507,n3407,0.6672,35,H Lane
n3507,n3506,0.6627,60,36th Avenue
n3507,n3508,0.6627,60,36th Avenue
n3507,n3607,0.6672,35,H Lane
n3508,n3408,0.6672,35,I Lane
n3508,n3507,0.6627,60,36th Avenue
n3508,n3509,0.6627,60,36th Avenue
n3508,n3608,0.6672,35,I Lane
n3509,n3409,0.6672,35,J Lane
n3509,n3508,0.6627,60,36th Avenue
n3509,n3510,0.6627,60,36th Avenue
n3509,n3609,0.6672,35,J Lane
n3510,n3410,0.6672,60,K Boulevard
n3510,n3509,0.6627,60,36th Avenue
n3510,n3511,0.6627,60,36th Avenue
n3510,n3610,0.6672,60,K Boulevard
n3511,n3411,0.6672,35,L Lane
n3511,n3510,0.6627,60,36th Avenue
n3511,n3512,0.6627,60,36th Avenue
n3511,n3611,0.6672,35,L Lane
n3512,n3412,0.6672,35,M Lane
n3512,n3511,0.6627,60,36th Avenue
n3512,n3513,0.6627,60,36th Avenue
n3513,n3413,0.6672,35,N Lane
n3513,n3512,0.6627,60,36th Avenue
n3513,n3514,0.6627,60,36th Avenue
n3513,n3613,0.6672,35,N Lane
n3514,n3414,0.6672,35,O Lane
n3514,n3513,0.6627,60,36th Avenue
n3514,n3515,0.6627,60,36th Avenue
n3514,n3614,0.6672,35,O Lane
n3515,n3415,0.6672,60,P Boulevard
n3515,n3514,0.6627,60,36th Avenue
n3515,n3516,0.6627,60,36th Avenue
n3515,n3615,0.6672,60,P Boulevard
n3516,n3416,0.6672,35,Q Lane
n3516,n3515,0.6627,60,36th Avenue
n3516,n3517,0.6627,60,36th Avenue
n3516,n3616,0.6672,35,Q Lane
n3517,n3417,0.6672,35,R Lane
n3517,n3516,0.6627,60,36th Avenue
n3517,n3518,0.6627,60,36th Avenue
n3517,n3617,0.6672,35,R Lane
n3518,n3418,0.6672,35,S Lane
n3518,n3517,0.6627,60,36th Avenue
n3518,n3519,0.6627,60,36th Avenue
n3518,n3618,0.6672,35,S Lane
n3519,n3419,0.6672,35,T Lane
n3519,n3518,0.6627,60,36th Avenue
n3519,n3520,0.6627,60,36th Avenue
n3519,n3619,0.6672,35,T Lane
n3520,n3420,0.6672,60,U Boulevard
n3520,n3519,0.6627,60,36th Avenue
n3520,n3521,0.6627,60,36th Avenue
n3520,n3620,0.6672,60,U Boulevard
n3521,n3421,0.6672,35,V Lane
n3521,n3520,0.6627,60,36th Avenue
n3521,n3522,0.6627,60,36th Avenue
n3521,n3621,0.6672,35,V Lane
n3522,n3422,0.6672,35,W Lane
n3522,n3521,0.6627,60,36th Avenue
n3522,n3523,0.6627,60,36th Avenue
n3522,n3622,0.6672,35,W Lane
n3523,n3423,0.6672,35,X Lane
n3523,n3522,0.6627,60,36th Avenue
n3523,n3524,0.6627,60,36th Avenue
n3523,n3623,0.6672,35,X Lane
n3524,n3424,0.6672,35,Y Lane
n3524,n3523,0.6627,60,36th Avenue
n3524,n3525,0.6627,60,36th Avenue
n3524,n3624,0.6672,35,Y Lane
n3525,n3425,0.6672,60,Z Boulevard
n3525,n3524,0.6627,60,36th Avenue
n3525,n3526,0.6627,60,36th Avenue
n3525,n3625,0.6672,60,Z Boulevard
n3526,n3426,0.6672,35,AA Lane
n3526,n3525,0.6627,60,36th Avenue
n3526,n3527,0.6627,60,36th Avenue
n3526,n3626,0.6672,35,AA Lane
n3527,n3526,0.6627,60,36th Avenue
n3527,n3528,0.6627,60,36th Avenue
n3527,n3627,0.6672,35,AB Lane
n3528,n3428,0.6672,35,AC Lane
n3528,n3527,0.6627,60,36th Avenue
n3528,n3529,0.6627,60,36th Avenue
n3528,n3628,0.6672,35,AC Lane
n3529,n3429,0.6672,35,AD Lane
n3529,n3528,0.6627,60,36th Avenue
n3529,n3530,0.6627,60,36th Avenue
n3529,n3629,0.6672,35,AD Lane
n3530,n3430,0.6672,60,AE Boulevard
n3530,n3529,0.6627,60,36th Avenue
n3530,n3531,0.6627,60,36th Avenue
n3530,n3630,0.6672,60,AE Boulevard
n3531,n3431,0.6672,35,AF Lane
n3531,n3530,0.6627,60,36th Avenue
n3531,n3532,0.6627,60,36th Avenue
n3531,n3631,0.6672,35,AF Lane
n3532,n3432,0.6672,35,AG Lane
n3532,n3531,0.6627,60,36th Avenue
n3532,n3533,0.6627,60,36th Avenue
n3532,n3632,0.6672,35,AG Lane
n3533,n3433,0.6672,35,AH Lane
n3533,n3532,0.6627,60,36th Avenue
n3533,n3534,0.6627,60,36th Avenue
n3533,n3633,0.6672,35,AH Lane
n3534,n3434,0.6672,35,AI Lane
n3534,n3533,0.6627,60,36th Avenue
n3534,n3535,0.6627,60,36th Avenue
n3534,n3634,0.6672,35,AI Lane
n3535,n3435,0.6672,60,AJ Boulevard
n3535,n3534,0.6627,60,36th Avenue
n3535,n3536,0.6627,60,36th Avenue
n3535,n3635,0.6672,60,AJ Boulevard
n3536,n3436,0.6672,35,AK Lane
n3536,n3535,0.6627,60,36th Avenue
n3536,n3537,0.6627,60,36th Avenue
n3536,n3636,0.6672,35,AK Lane
n3537,n3437,0.6672,35,AL Lane
n3537,n3536,0.6627,60,36th Avenue
n3537,n3538,0.6627,60,36th Avenue
n3537,n3637,0.6672,35,AL Lane
n3538,n3438,0.6672,35,AM Lane
n3538,n3537,0.6627,60,36th Avenue
n3538,n3539,0.6627,60,36th Avenue
n3539,n3439,0.6672,35,AN Lane
n3539,n3538,0.6627,60,36th Avenue
n3539,n3639,0.6672,35,AN Lane
n3539,n3039,3.3359,100,Ring Motorway
n3539,n3934,4.2544,100,Ring Motorway
n3600,n3500,0.6672,60,A Boulevard
n3600,n3601,0.6627,35,37th Street
n3600,n3700,0.6672,60,A Boulevard
n3601,n3501,0.6672,35,B Lane
n3601,n3600,0.6627,35,37th Street
n3601,n3701,0.6672,35,B Lane
n3602,n3502,0.6672,35,C Lane
n3602,n3603,0.6627,35,37th Street
n3603,n3503,0.6672,35,D Lane
n3603,n3602,0.6627,35,37th Street
n3603,n3604,0.6627,35,37th Street
n3603,n3703,0.6672,35,D Lane
n3604,n3603,0.6627,35,37th Street
n3604,n3605,0.6627,35,37th Street
n3604,n3704,0.6672,35,E Lane
n3605,n3505,0.6672,60,F Boulevard
n3605,n3604,0.6627,35,37th Street
n3605,n3606,0.6627,35,37th Street
n3605,n3705,0.6672,60,F Boulevard
n3606,n3506,0.6672,35,G Lane
n3606,n3605,0.6627,35,37th Street
n3606,n3607,0.6627,35,37th Street
n3606,n3706,0.6672,35,G Lane
n3607,n3507,0.6672,35,H Lane
n3607,n3606,0.6627,35,37th Street
n3607,n3608,0.6627,35,37th Street
n3607,n3707,0.6672,35,H Lane
n3608,n3508,0.6672,35,I Lane
n3608,n3607,0.6627,35,37th Street
n3608,n3609,0.6627,35,37th Street
n3608,n3708,0.6672,35,I Lane
n3609,n3509,0.6672,35,J Lane
n3609,n3608,0.6627,35,37th Street
n3609,n3610,0.6627,35,37th Street
n3609,n3709,0.6672,35,J Lane
n3610,n3510,0.6672,60,K Boulevard
n3610,n3609,0.6627,35,37th Street
n3610,n3611,0.6627,35,37th Street
n3610,n3710,0.6672,60,K Boulevard
n3611,n3511,0.6672,35,L Lane
n3611,n3610,0.6627,35,37th Street
n3611,n3711,0.6672,35,L Lane
n3612,n3613,0.6627,35,37th Street
n3612,n3712,0.6672,35,M Lane
n3613,n3513,0.6672,35,N Lane
n3613,n3612,0.6627,35,37th Street
n3613,n3713,0.6672,35,N Lane
n3614,n3514,0.6672,35,O Lane
n3614,n3615,0.6627,35,37th Street
n3614,n3714,0.6672,35,O Lane
n3615,n3515,0.6672,60,P Boulevard
n3615,n3614,0.6627,35,37th Street
n3615,n3616,0.6627,35,37th Street
n3615,n3715,0.6672,60,P Boulevard
n3616,n3516,0.6672,35,Q Lane
n3616,n3615,0.6627,35,37th Street
n3616,n3617,0.6627,35,37th Street
n3616,n3716,0.6672,35,Q Lane
n3617,n3517,0.6672,35,R Lane
n3617,n3616,0.6627,35,37th Street
n3617,n3618,0.6627,35,37th Street
n3617,n3717,0.6672,35,R Lane
n3618,n3518,0.6672,35,S Lane
n3618,n3617,0.6627,35,37th Street
n3618,n3619,0.6627,35,37th Street
n3618,n3718,0.6672,35,S Lane
n3619,n3519,0.6672,35,T Lane
n3619,n3618,0.6627,35,37th Street
n3619,n3620,0.6627,35,37th Street
n3619,n3719,0.6672,35,T Lane
n3620,n3520,0.6672,60,U Boulevard
n3620,n3619,0.6627,35,37th Street
n3620,n3621,0.6627,35,37th Street
n3620,n3720,0.6672,60,U Boulevard
n3621,n3521,0.6672,35,V Lane
n3621,n3620,0.6627,35,37th Street
n3621,n3622,0.6627,35,37th Street
n3621,n3721,0.6672,35,V Lane
n3622,n3522,0.6672,35,W Lane
n3622,n3621,0.6627,35,37th Street
n3622,n3623,0.6627,35,37th Street
n3622,n3722,0.6672,35,W Lane
n3623,n3523,0.6672,35,X Lane
n3623,n3622,0.6627,35,37th Street
n3623,n3624,0.6627,35,37th Street
n3623,n3723,0.6672,35,X Lane
n3624,n3524,0.6672,35,Y Lane
n3624,n3623,0.6627,35,37th Street
n3624,n3625,0.6627,35,37th Street
n3624,n3724,0.6672,35,Y Lane
n3625,n3525,0.6672,60,Z Boulevard
n3625,n3624,0.6627,35,37th Street
n3625,n3626,0.6627,35,37th Street
n3625,n3725,0.6672,60,Z Boulevard
n3626,n3526,0.6672,35,AA Lane
n3626,n3625,0.6627,35,37th Street
n3626,n3627,0.6627,35,37th Street
n3627,n3527,0.6672,35,AB Lane
n3627,n3626,0.6627,35,37th Street
n3627,n3628,0.6627,35,37th Street
n3627,n3727,0.6672,35,AB Lane
n3628,n3528,0.6672,35,AC Lane
n3628,n3627,0.6627,35,37th Street
n3628,n3629,0.6627,35,37th Street
n3628,n3728,0.6672,35,AC Lane
n3629,n3529,0.6672,35,AD Lane
n3629,n3628,0.6627,35,37th Street
n3629,n3630,0.6627,35,37th Street
n3629,n3729,0.6672,35,AD Lane
n3630,n3530,0.6672,60,AE Boulevard
n3630,n3629,0.6627,35,37th Street
n3630,n3631,0.6627,35,37th Street
n3630,n3730,0.6672,60,AE Boulevard
n3631,n3531,0.6672,35,AF Lane
n3631,n3630,0.6627,35,37th Street
n3631,n3632,0.6627,35,37th Street
n3631,n3731,0.6672,35,AF Lane
n3632,n3532,0.6672,35,AG Lane
n3632,n3631,0.6627,35,37th Street
n3632,n3633,0.6627,35,37th Street
n3632,n3732,0.6672,35,AG Lane
n3633,n3533,0.6672,35,AH Lane
n3633,n3632,0.6627,35,37th Street
n3633,n3634,0.6627,35,37th Street
n3633,n3733,0.6672,35,AH Lane
n3634,n3534,0.6672,35,AI Lane
n3634,n3633,0.6627,35,37th Street
n3634,n3635,0.6627,35,37th Street
n3634,n3734,0.6672,35,AI Lane
n3635,n3535,0.6672,60,AJ Boulevard
n3635,n3634,0.6627,35,37th Street
n3635,n3636,0.6627,35,37th Street
n3635,n3735,0.6672,60,AJ Boulevard
n3636,n3536,0.6672,35,AK Lane
n3636,n3635,0.6627,35,37th Street
n3636,n3637,0.6627,35,37th Street
n3637,n3537,0.6672,35,AL Lane
n3637,n3636,0.6627,35,37th Street
n3637,n3638,0.6627,35,37th Street
n3637,n3737,0.6672,35,AL Lane
n3638,n3637,0.6627,35,37th Street
n3638,n3639,0.6627,35,37th Street
n3638,n3738,0.6672,35,AM Lane
n3639,n3539,0.6672,35,AN Lane
n3639,n3638,0.6627,35,37th Street
n3639,n3739,0.6672,35,AN Lane
n3700,n3600,0.6672,60,A Boulevard
n3700,n3701,0.6627,35,38th Street
n3700,n3800,0.6672,60,A Boulevard
n3701,n3601,0.6672,35,B Lane
n3701,n3700,0.6627,35,38th Street
n3701,n3702,0.6627,35,38th Street
n3701,n3801,0.6672,35,B Lane
n3702,n3701,0.6627,35,38th Street
n3702,n3802,0.6672,35,C Lane
n3703,n3603,0.6672,35,D Lane
n3703,n3704,0.6627,35,38th Street
n3703,n3803,0.6672,35,D Lane
n3704,n3604,0.6672,35,E Lane
n3704,n3703,0.6627,35,38th Street
n3704,n3705,0.6627,35,38th Street
n3704,n3804,0.6672,35,E Lane
n3705,n3605,0.6672,60,F Boulevard
n3705,n3704,0.6627,35,38th Street
n3705,n3706,0.6627,35,38th Street
n3705,n3805,0.6672,60,F Boulevard
n3706,n3606,0.6672,35,G Lane
n3706,n3705,0.6627,35,38th Street
n3706,n3707,0.6627,35,38th Street
n3706,n3806,0.6672,35,G Lane
n3707,n3607,0.6672,35,H Lane
n3707,n3706,0.6627,35,38th Street
n3707,n3708,0.6627,35,38th Street
n3707,n3807,0.6672,35,H Lane
n3708,n3608,0.6672,35,I Lane
n3708,n3707,0.6627,35,38th Street
n3708,n3709,0.6627,35,38th Street
n3708,n3808,0.6672,35,I Lane
n3709,n3609,0.6672,35,J Lane
n3709,n3708,0.6627,35,38th Street
n3709,n3710,0.6627,35,38th Street
n3709,n3809,0.6672,35,J Lane
n3710,n3610,0.6672,60,K Boulevard
n3710,n3709,0.6627,35,38th Street
n3710,n3711,0.6627,35,38th Street
n3710,n3810,0.6672,60,K Boulevard
n3711,n3611,0.6672,35,L Lane
n3711,n3710,0.6627,35,38th Street
n3711,n3712,0.6627,35,38th Street
n3711,n3811,0.6672,35,L Lane
n3712,n3612,0.6672,35,M Lane
n3712,n3711,0.6627,35,38th Street
n3712,n3713,0.6627,35,38th Street
n3712,n3812,0.6672,35,M Lane
n3713,n3613,0.6672,35,N Lane
n3713,n3712,0.6627,35,38th Street
n3713,n3714,0.6627,35,38th Street
n3713,n3813,0.6672,35,N Lane
n3714,n3614,0.6672,35,O Lane
n3714,n3713,0.6627,35,38th Street
n3714,n3715,0.6627,35,38th Street
n3715,n3615,0.6672,60,P Boulevard
n3715,n3714,0.6627,35,38th Street
n3715,n3716,0.6627,35,38th Street
n3715,n3815,0.6672,60,P Boulevard
n3716,n3616,0.6672,35,Q Lane
n3716,n3715,0.6627,35,38th Street
n3716,n3717,0.6627,35,38th Street
n3716,n3816,0.6672,35,Q Lane
n3717,n3617,0.6672,35,R Lane
n3717,n3716,0.6627,35,38th Street
n3717,n3718,0.6627,35,38th Street
n3717,n3817,0.6672,35,R Lane
n3718,n3618,0.6672,35,S Lane
n3718,n3717,0.6627,35,38th Street
n3718,n3719,0.6627,35,38th Street
n3718,n3818,0.6672,35,S Lane
n3719,n3619,0.6672,35,T Lane
n3719,n3718,0.6627,35,38th Street
n3719,n3720,0.6627,35,38th Street
n3719,n3819,0.6672,35,T Lane
n3720,n3620,0.6672,60,U Boulevard
n3720,n3719,0.6627,35,38th Street
n3720,n3721,0.6627,35,38th Street
n3720,n3820,0.6672,60,U Boulevard
n3721,n3621,0.6672,35,V Lane
n3721,n3720,0.6627,35,38th Street
n3721,n3722,0.6627,35,38th Street
n3721,n3821,0.6672,35,V Lane
n3722,n3622,0.6672,35,W Lane
n3722,n3721,0.6627,35,38th Street
n3722,n3822,0.6672,35,W Lane
n3723,n3623,0.6672,35,X Lane
n3723,n3724,0.6627,35,38th Street
n3723,n3823,0.6672,35,X Lane
n3724,n3624,0.6672,35,Y Lane
n3724,n3723,0.6627,35,38th Street
n3724,n3725,0.6627,35,38th Street
n3724,n3824,0.6672,35,Y Lane
n3725,n3625,0.6672,60,Z Boulevard
n3725,n3724,0.6627,35,38th Street
n3725,n3726,0.6627,35,38th Street
n3725,n3825,0.6672,60,Z Boulevard
n3726,n3725,0.6627,35,38th Street
n3726,n3727,0.6627,35,38th Street
n3726,n3826,0.6672,35,AA Lane
n3727,n3627,0.6672,35,AB Lane
n3727,n3726,0.6627,35,38th Street
n3727,n3728,0.6627,35,38th Street
n3727,n3827,0.6672,35,AB Lane
n3728,n3628,0.6672,35,AC Lane
n3728,n3727,0.6627,35,38th Street
n3728,n3729,0.6627,35,38th Street
n3728,n3828,0.6672,35,AC Lane
n3729,n3629,0.6672,35,AD Lane
n3729,n3728,0.6627,35,38th Street
n3729,n3730,0.6627,35,38th Street
n3729,n3829,0.6672,35,AD Lane
n3730,n3630,0.6672,60,AE Boulevard
n3730,n3729,0.6627,35,38th Street
n3730,n3731,0.6627,35,38th Street
n3730,n3830,0.6672,60,AE Boulevard
n3731,n3631,0.6672,35,AF Lane
n3731,n3730,0.6627,35,38th Street
n3731,n3732,0.6627,35,38th Street
n3732,n3632,0.6672,35,AG Lane
n3732,n3731,0.6627,35,38th Street
n3732,n3733,0.6627,35,38th Street
n3732,n3832,0.6672,35,AG Lane
n3733,n3633,0.6672,35,AH Lane
n3733,n3732,0.6627,35,38th Street
n3733,n3734,0.6627,35,38th Street
n3733,n3833,0.6672,35,AH Lane
n3734,n3634,0.6672,35,AI Lane
n3734,n3733,0.6627,35,38th Street
n3734,n3735,0.6627,35,38th Street
n3734,n3834,0.6672,35,AI Lane
n3735,n3635,0.6672,60,AJ Boulevard
n3735,n3734,0.6627,35,38th Street
n3735,n3736,0.6627,35,38th Street
n3735,n3835,0.6672,60,AJ Boulevard
n3736,n3735,0.6627,35,38th Street
n3736,n3737,0.6627,35,38th Street
n3736,n3836,0.6672,35,AK Lane
n3737,n3637,0.6672,35,AL Lane
n3737,n3736,0.6627,35,38th Street
n3737,n3738,0.6627,35,38th Street
n3737,n3837,0.6672,35,AL Lane
n3738,n3638,0.6672,35,AM Lane
n3738,n3737,0.6627,35,38th Street
n3738,n3739,0.6627,35,38th Street
n3738,n3838,0.6672,35,AM Lane
n3739,n3639,0.6672,35,AN Lane
n3739,n3738,0.6627,35,38th Street
n3739,n3839,0.6672,35,AN Lane
n3800,n3700,0.6672,60,A Boulevard
n3800,n3801,0.6626,35,39th Street
n3800,n3900,0.6672,60,A Boulevard
n3801,n3701,0.6672,35,B Lane
n3801,n3800,0.6626,35,39th Street
n3801,n3802,0.6626,35,39th Street
n3801,n3901,0.6672,35,B Lane
n3802,n3702,0.6672,35,C Lane
n3802,n3801,0.6626,35,39th Street
n3802,n3803,0.6626,35,39th Street
n3802,n3902,0.6672,35,C Lane
n3803,n3703,0.6672,35,D Lane
n3803,n3802,0.6626,35,39th Street
n3803,n3804,0.6626,35,39th Street
n3803,n3903,0.6672,35,D Lane
n3804,n3704,0.6672,35,E Lane
n3804,n3803,0.6626,35,39th Street
n3804,n3805,0.6626,35,39th Street
n3804,n3904,0.6672,35,E Lane
n3805,n3705,0.6672,60,F Boulevard
n3805,n3804,0.6626,35,39th Street
n3805,n3806,0.6626,35,39th Street
n3805,n3905,0.6672,60,F Boulevard
n3806,n3706,0.6672,35,G Lane
n3806,n3805,0.6626,35,39th Street
n3806,n3807,0.6626,35,39th Street
n3806,n3906,0.6672,35,G Lane
n3807,n3707,0.6672,35,H Lane
n3807,n3806,0.6626,35,39th Street
n3807,n3808,0.6626,35,39th Street
n3807,n3907,0.6672,35,H Lane
n3808,n3708,0.6672,35,I Lane
n3808,n3807,0.6626,35,39th Street
n3808,n3809,0.6626,35,39th Street
n3808,n3908,0.6672,35,I Lane
n3809,n3709,0.6672,35,J Lane
n3809,n3808,0.6626,35,39th Street
n3809,n3810,0.6626,35,39th Street
n3809,n3909,0.6672,35,J Lane
n3810,n3710,0.6672,60,K Boulevard
n3810,n3809,0.6626,35,39th Street
n3810,n3811,0.6626,35,39th Street
n3810,n3910,0.6672,60,K Boulevard
n3811,n3711,0.6672,35,L Lane
n3811,n3810,0.6626,35,39th Street
n3811,n3812,0.6626,35,39th Street
n3811,n3911,0.6672,35,L Lane
n3812,n3712,0.6672,35,M Lane
n3812,n3811,0.6626,35,39th Street
n3812,n3813,0.6626,35,39th Street
n3812,n3912,0.6672,35,M Lane
n3813,n3713,0.6672,35,N Lane
n3813,n3812,0.6626,35,39th Street
n3813,n3814,0.6626,35,39th Street
n3813,n3913,0.6672,35,N Lane
n3814,n3813,0.6626,35,39th Street
n3814,n3815,0.6626,35,39th Street
n3814,n3914,0.6672,35,O Lane
n3815,n3715,0.6672,60,P Boulevard
n3815,n3814,0.6626,35,39th Street
n3815,n3816,0.6626,35,39th Street
n3815,n3915,0.6672,60,P Boulevard
n3816,n3716,0.6672,35,Q Lane
n3816,n3815,0.6626,35,39th Street
n3816,n3916,0.6672,35,Q Lane
n3817,n3717,0.6672,35,R Lane
n3817,n3818,0.6626,35,39th Street
n3817,n3917,0.6672,35,R Lane
n3818,n3718,0.6672,35,S Lane
n3818,n3817,0.6626,35,39th Street
n3818,n3819,0.6626,35,39th Street
n3818,n3918,0.6672,35,S Lane
n3819,n3719,0.6672,35,T Lane
n3819,n3818,0.6626,35,39th Street
n3819,n3919,0.6672,35,T Lane
n3820,n3720,0.6672,60,U Boulevard
n3820,n3821,0.6626,35,39th Street
n3820,n3920,0.6672,60,U Boulevard
n3821,n3721,0.6672,35,V Lane
n3821,n3820,0.6626,35,39th Street
n3821,n3822,0.6626,35,39th Street
n3821,n3921,0.6672,35,V Lane
n3822,n3722,0.6672,35,W Lane
n3822,n3821,0.6626,35,39th Street
n3822,n3823,0.6626,35,39th Street
n3822,n3922,0.6672,35,W Lane
n3823,n3723,0.6672,35,X Lane
n3823,n3822,0.6626,35,39th Street
n3823,n3824,0.6626,35,39th Street
n3823,n3923,0.6672,35,X Lane
n3824,n3724,0.6672,35,Y Lane
n3824,n3823,0.6626,35,39th Street
n3824,n3825,0.6626,35,39th Street
n3824,n3924,0.6672,35,Y Lane
n3825,n3725,0.6672,60,Z Boulevard
n3825,n3824,0.6626,35,39th Street
n3825,n3826,0.6626,35,39th Street
n3825,n3925,0.6672,60,Z Boulevard
n3826,n3726,0.6672,35,AA Lane
n3826,n3825,0.6626,35,39th Street
n3826,n3827,0.6626,35,39th Street
n3826,n3926,0.6672,35,AA Lane
n3827,n3727,0.6672,35,AB Lane
n3827,n3826,0.6626,35,39th Street
n3827,n3828,0.6626,35,39th Street
n3827,n3927,0.6672,35,AB Lane
n3828,n3728,0.6672,35,AC Lane
n3828,n3827,0.6626,35,39th Street
n3828,n3829,0.6626,35,39th Street
n3828,n3928,0.6672,35,AC Lane
n3829,n3729,0.6672,35,AD Lane
n3829,n3828,0.6626,35,39th Street
n3829,n3830,0.6626,35,39th Street
n3829,n3929,0.6672,35,AD Lane
n3830,n3730,0.6672,60,AE Boulevard
n3830,n3829,0.6626,35,39th Street
n3830,n3831,0.6626,35,39th Street
n3830,n3930,0.6672,60,AE Boulevard
n3831,n3830,0.6626,35,39th Street
n3831,n3832,0.6626,35,39th Street
n3831,n3931,0.6672,35,AF Lane
n3832,n3732,0.6672,35,AG Lane
n3832,n3831,0.6626,35,39th Street
n3832,n3833,0.6626,35,39th Street
n3832,n3932,0.6672,35,AG Lane
n3833,n3733,0.6672,35,AH Lane
n3833,n3832,0.6626,35,39th Street
n3833,n3834,0.6626,35,39th Street
n3834,n3734,0.6672,35,AI Lane
n3834,n3833,0.6626,35,39th Street
n3834,n3835,0.6626,35,39th Street
n3834,n3934,0.6672,35,AI Lane
n3835,n3735,0.6672,60,AJ Boulevard
n3835,n3834,0.6626,35,39th Street
n3835,n3836,0.6626,35,39th Street
n3835,n3935,0.6672,60,AJ Boulevard
n3836,n3736,0.6672,35,AK Lane
n3836,n3835,0.6626,35,39th Street
n3836,n3936,0.6672,35,AK Lane
n3837,n3737,0.6672,35,AL Lane
n3837,n3838,0.6626,35,39th Street
n3837,n3937,0.6672,35,AL Lane
n3838,n3738,0.6672,35,AM Lane
n3838,n3837,0.6626,35,39th Street
n3838,n3839,0.6626,35,39th Street
n3838,n3938,0.6672,35,AM Lane
n3839,n3739,0.6672,35,AN Lane
n3839,n3838,0.6626,35,39th Street
n3839,n3939,0.6672,35,AN Lane
n3900,n3800,0.6672,60,A Boulevard
n3900,n3901,0.6626,35,40th Street
n3901,n3801,0.6672,35,B Lane
n3901,n3900,0.6626,35,40th Street
n3901,n3902,0.6626,35,40th Street
n3902,n3802,0.6672,35,C Lane
n3902,n3901,0.6626,35,40th Street
n3902,n3903,0.6626,35,40th Street
n3903,n3803,0.6672,35,D Lane
n3903,n3902,0.6626,35,40th Street
n3903,n3904,0.6626,35,40th Street
n3904,n3804,0.6672,35,E Lane
n3904,n3903,0.6626,35,40th Street
n3904,n3905,0.6626,35,40th Street
n3904,n3909,3.3129,100,Ring Motorway
n3904,n3400,4.2608,100,Ring Motorway
n3905,n3805,0.6672,60,F Boulevard
n3905,n3904,0.6626,35,40th Street
n3905,n3906,0.6626,35,40th Street
n3906,n3806,0.6672,35,G Lane
n3906,n3905,0.6626,35,40th Street
n3906,n3907,0.6626,35,40th Street
n3907,n3807,0.6672,35,H Lane
n3907,n3906,0.6626,35,40th Street
n3907,n3908,0.6626,35,40th Street
n3908,n3808,0.6672,35,I Lane
n3908,n3907,0.6626,35,40th Street
n3908,n3909,0.6626,35,40th Street
n3909,n3809,0.6672,35,J Lane
n3909,n3908,0.6626,35,40th Street
n3909,n3910,0.6626,35,40th Street
n3909,n3914,3.3129,100,Ring Motorway
n3909,n3904,3.3129,100,Ring Motorway
n3910,n3810,0.6672,60,K Boulevard
n3910,n3909,0.6626,35,40th Street
n3911,n3811,0.6672,35,L Lane
n3911,n3912,0.6626,35,40th Street
n3912,n3812,0.6672,35,M Lane
n3912,n3911,0.6626,35,40th Street
n3912,n3913,0.6626,35,40th Street
n3913,n3813,0.6672,35,N Lane
n3913,n3912,0.6626,35,40th Street
n3913,n3914,0.6626,35,40th Street
n3914,n3814,0.6672,35,O Lane
n3914,n3913,0.6626,35,40th Street
n3914,n3915,0.6626,35,40th Street
n3914,n3919,3.3129,100,Ring Motorway
n3914,n3909,3.3129,100,Ring Motorway
n3915,n3815,0.6672,60,P Boulevard
n3915,n3914,0.6626,35,40th Street
n3915,n3916,0.6626,35,40th Street
n3916,n3816,0.6672,35,Q Lane
n3916,n3915,0.6626,35,40th Street
n3916,n3917,0.6626,35,40th Street
n3917,n3817,0.6672,35,R Lane
n3917,n3916,0.6626,35,40th Street
n3917,n3918,0.6626,35,40th Street
n3918,n3818,0.6672,35,S Lane
n3918,n3917,0.6626,35,40th Street
n3919,n3819,0.6672,35,T Lane
n3919,n3920,0.6626,35,40th Street
n3919,n3924,3.3129,100,Ring Motorway
n3919,n3914,3.3129,100,Ring Motorway
n3920,n3820,0.6672,60,U Boulevard
n3920,n3919,0.6626,35,40th Street
n3920,n3921,0.6626,35,40th Street
n3921,n3821,0.6672,35,V Lane
n3921,n3920,0.6626,35,40th Street
n3921,n3922,0.6626,35,40th Street
n3922,n3822,0.6672,35,W Lane
n3922,n3921,0.6626,35,40th Street
n3922,n3923,0.6626,35,40th Street
n3923,n3823,0.6672,35,X Lane
n3923,n3922,0.6626,35,40th Street
n3923,n3924,0.6626,35,40th Street
n3924,n3824,0.6672,35,Y Lane
n3924,n3923,0.6626,35,40th Street
n3924,n3925,0.6626,35,40th Street
n3924,n3929,3.3129,100,Ring Motorway
n3924,n3919,3.3129,100,Ring Motorway
n3925,n3825,0.6672,60,Z Boulevard
n3925,n3924,0.6626,35,40th Street
n3925,n3926,0.6626,35,40th Street
n3926,n3826,0.6672,35,AA Lane
n3926,n3925,0.6626,35,40th Street
n3927,n3827,0.6672,35,AB Lane
n3927,n3928,0.6626,35,40th Street
n3928,n3828,0.6672,35,AC Lane
n3928,n3927,0.6626,35,40th Street
n3928,n3929,0.6626,35,40th Street
n3929,n3829,0.6672,35,AD Lane
n3929,n3928,0.6626,35,40th Street
n3929,n3930,0.6626,35,40th Street
n3929,n3934,3.3129,100,Ring Motorway
n3929,n3924,3.3129,100,Ring Motorway
n3930,n3830,0.6672,60,AE Boulevard
n3930,n3929,0.6626,35,40th Street
n3930,n3931,0.6626,35,40th Street
n3931,n3831,0.6672,35,AF Lane
n3931,n3930,0.6626,35,40th Street
n3931,n3932,0.6626,35,40th Street
n3932,n3832,0.6672,35,AG Lane
n3932,n3931,0.6626,35,40th Street
n3932,n3933,0.6626,35,40th Street
n3933,n3932,0.6626,35,40th Street
n3933,n3934,0.6626,35,40th Street
n3934,n3834,0.6672,35,AI Lane
n3934,n3933,0.6626,35,40th Street
n3934,n3935,0.6626,35,40th Street
n3934,n3539,4.2544,100,Ring Motorway
n3934,n3929,3.3129,100,Ring Motorway
n3935,n3835,0.6672,60,AJ Boulevard
n3935,n3934,0.6626,35,40th Street
n3935,n3936,0.6626,35,40th Street
n3936,n3836,0.6672,35,AK Lane
n3936,n3935,0.6626,35,40th Street
n3936,n3937,0.6626,35,40th Street
n3937,n3837,0.6672,35,AL Lane
n3937,n3936,0.6626,35,40th Street
n3937,n3938,0.6626,35,40th Street
n3938,n3838,0.6672,35,AM Lane
n3938,n3937,0.6626,35,40th Street
n3938,n3939,0.6626,35,40th Street
n3939,n3839,0.6672,35,AN Lane
n3939,n3938,0.6626,35,40th Street
